project_id,state,project_type,land_area_hectares,affected_families,compensation_disbursed_pct,approval_stage_days,legal_disputes_count,rehabilitation_progress_pct,documentation_completeness_pct,stakeholder_responsiveness_score,past_dept_delay_rate_pct,delayed
LA-1000,Maharashtra,Industrial Corridor,81.1,149,56.3,695,2,39.3,64.8,1.6,61.8,1
LA-1001,Punjab,Irrigation Canal,19.7,1289,59.3,54,1,72.2,47.7,3.8,82.1,0
LA-1002,Telangana,Railway,82.4,372,8.1,196,0,42.1,88.6,6.8,16.3,0
LA-1003,Karnataka,Irrigation Canal,12.4,1767,62.4,62,2,22.7,94.1,9.1,34.5,0
LA-1004,Rajasthan,Industrial Corridor,10.5,1704,79.1,718,1,53.1,92.1,1.4,58.9,0
LA-1005,Haryana,Railway,45.3,474,81.2,657,0,3.7,90.6,1.1,79.6,0
LA-1006,Maharashtra,Dam/Reservoir,41.2,1744,59.8,57,1,20.5,79.4,6.3,20.6,0
LA-1007,Kerala,Power Transmission Line,35.8,995,23.6,103,2,14.9,74.0,7.3,76.9,0
LA-1008,West Bengal,Port Development,30.3,1942,57.2,245,0,41.5,89.3,6.5,78.3,1
LA-1009,Maharashtra,Urban Metro,57.9,1460,57.9,225,0,84.1,84.4,9.8,39.4,0
LA-1010,Gujarat,Irrigation Canal,45.5,73,63.3,472,0,33.0,84.5,3.1,44.5,0
LA-1011,Jharkhand,Railway,72.1,409,85.9,453,0,39.0,89.9,5.3,23.8,0
LA-1012,Kerala,Urban Metro,76.9,810,50.4,328,1,61.3,88.6,9.2,37.2,0
LA-1013,Punjab,Irrigation Canal,53.2,426,64.5,156,1,71.6,83.0,6.6,31.6,0
LA-1014,Kerala,Railway,24.8,269,47.9,587,0,17.4,90.1,6.2,64.8,1
LA-1015,Punjab,Dam/Reservoir,24.6,1956,51.0,712,1,84.3,51.9,9.4,55.7,0
LA-1016,Gujarat,Power Transmission Line,31.3,1738,61.2,579,0,25.1,86.0,4.1,40.2,1
LA-1017,Bihar,Highway,53.0,872,35.2,728,1,55.5,92.5,2.4,23.9,1
LA-1018,Haryana,Power Transmission Line,69.1,433,74.3,823,0,40.8,94.0,2.2,37.0,0
LA-1019,Karnataka,Power Transmission Line,25.9,367,57.3,759,0,6.9,79.0,8.4,52.4,0
LA-1020,Gujarat,Port Development,100.7,1831,54.3,589,1,76.6,63.2,8.7,46.4,0
LA-1021,Tamil Nadu,Urban Metro,35.2,666,25.3,54,1,73.4,85.9,3.1,39.0,0
LA-1022,Bihar,Railway,3.9,30,20.7,307,0,42.2,58.3,5.1,34.1,0
LA-1023,Assam,Railway,145.1,797,70.8,390,1,84.6,54.9,6.3,26.0,0
LA-1024,Punjab,Industrial Corridor,43.9,911,85.5,644,0,41.9,86.5,2.3,6.0,0
LA-1025,Telangana,Highway,77.8,1248,59.4,763,0,54.9,71.5,8.6,74.4,0
LA-1026,Rajasthan,Irrigation Canal,7.5,680,93.1,579,0,43.6,77.9,4.8,23.2,0
LA-1027,Haryana,Railway,22.6,1846,74.1,333,0,61.1,94.0,8.8,50.4,0
LA-1028,Gujarat,Highway,32.3,1288,22.4,711,0,64.5,71.9,7.8,60.2,0
LA-1029,Karnataka,Dam/Reservoir,12.7,1973,52.4,629,1,72.0,87.1,3.7,31.6,1
LA-1030,Karnataka,Highway,34.6,737,37.2,720,0,41.3,63.3,7.4,62.5,0
LA-1031,West Bengal,Highway,29.4,1305,58.1,534,1,31.5,59.7,7.7,19.9,0
LA-1032,Maharashtra,Dam/Reservoir,93.6,733,51.2,585,1,93.8,26.9,3.8,15.8,0
LA-1033,Gujarat,Railway,3.8,1401,73.8,319,0,75.9,93.1,3.3,8.0,0
LA-1034,Assam,Port Development,62.3,1492,69.8,365,0,90.1,59.2,8.4,77.4,0
LA-1035,Maharashtra,Highway,82.0,647,31.7,256,0,7.4,34.6,7.1,43.4,0
LA-1036,Haryana,Railway,145.9,1875,51.5,238,0,43.5,72.9,7.7,22.0,0
LA-1037,Haryana,Highway,70.8,1715,59.1,590,0,38.4,94.3,3.8,28.7,0
LA-1038,Madhya Pradesh,Urban Metro,18.3,1789,52.3,351,1,76.2,64.9,7.5,53.8,0
LA-1039,Telangana,Industrial Corridor,33.8,439,71.2,128,0,60.1,83.9,7.4,6.4,0
LA-1040,Bihar,Power Transmission Line,49.8,1437,24.0,41,1,53.4,96.3,4.0,51.3,1
LA-1041,Punjab,Railway,103.0,217,28.1,775,2,42.4,40.9,3.4,16.1,1
LA-1042,Kerala,Highway,6.6,215,30.0,397,0,37.7,52.8,4.9,48.1,0
LA-1043,Tamil Nadu,Industrial Corridor,62.1,1946,72.9,523,0,21.8,81.7,7.7,41.4,1
LA-1044,Maharashtra,Railway,8.8,310,76.1,815,1,26.7,79.4,2.7,33.0,1
LA-1045,Jharkhand,Industrial Corridor,25.6,1728,32.0,109,1,45.0,48.6,8.9,19.1,0
LA-1046,Karnataka,Urban Metro,11.2,864,47.5,844,0,54.9,89.8,3.3,56.0,1
LA-1047,Assam,Port Development,22.3,610,17.2,636,1,34.5,78.5,8.6,28.0,0
LA-1048,Telangana,Power Transmission Line,73.6,151,19.3,579,0,81.9,82.7,2.4,13.3,0
LA-1049,Punjab,Highway,30.3,1351,35.6,393,1,51.0,55.6,7.7,22.3,0
LA-1050,Punjab,Irrigation Canal,20.5,1444,73.0,638,2,11.0,48.5,6.1,43.4,0
LA-1051,West Bengal,Port Development,18.1,936,61.4,191,0,70.4,39.5,7.0,80.2,0
LA-1052,Tamil Nadu,Industrial Corridor,14.3,1620,29.7,278,0,59.5,91.1,9.8,25.3,0
LA-1053,Karnataka,Industrial Corridor,69.9,649,34.3,865,3,56.2,89.5,1.5,41.6,1
LA-1054,Karnataka,Power Transmission Line,42.5,1105,21.8,255,0,46.6,73.3,2.3,62.2,0
LA-1055,Uttar Pradesh,Railway,53.7,577,38.0,650,0,42.7,77.5,1.7,53.3,1
LA-1056,Gujarat,Dam/Reservoir,10.2,1166,41.6,837,0,36.6,42.0,5.7,20.6,0
LA-1057,Bihar,Port Development,42.6,276,56.1,537,1,70.8,82.0,8.2,47.7,0
LA-1058,Kerala,Dam/Reservoir,3.3,954,43.3,274,0,26.1,86.7,1.5,43.8,0
LA-1059,Telangana,Port Development,93.1,1100,7.8,765,0,50.7,57.3,8.0,14.7,1
LA-1060,Assam,Irrigation Canal,62.1,1115,21.7,745,0,49.1,55.3,4.9,45.5,0
LA-1061,Kerala,Irrigation Canal,37.9,895,79.2,494,0,42.7,27.2,9.5,60.1,0
LA-1062,Tamil Nadu,Railway,2.6,1288,51.1,112,0,59.0,64.9,4.4,29.6,0
LA-1063,Jharkhand,Dam/Reservoir,17.3,1026,47.7,402,2,79.7,49.8,9.9,8.8,0
LA-1064,Rajasthan,Industrial Corridor,11.0,570,57.3,394,1,25.4,97.2,6.0,59.6,0
LA-1065,Tamil Nadu,Power Transmission Line,36.3,434,35.8,178,1,27.8,45.9,9.9,30.6,0
LA-1066,Assam,Dam/Reservoir,55.1,1297,72.6,367,1,31.7,74.3,6.7,33.7,0
LA-1067,Tamil Nadu,Industrial Corridor,52.9,1877,53.5,146,0,10.5,91.9,4.1,31.9,0
LA-1068,Maharashtra,Dam/Reservoir,116.2,1507,36.5,626,1,46.4,61.1,8.2,58.1,0
LA-1069,Karnataka,Dam/Reservoir,39.9,1278,88.9,394,1,41.6,43.3,5.4,26.8,1
LA-1070,Punjab,Highway,97.3,1843,49.0,660,0,61.4,90.1,3.8,14.6,0
LA-1071,West Bengal,Irrigation Canal,32.4,1799,74.2,415,1,65.6,87.8,5.3,62.6,0
LA-1072,Karnataka,Urban Metro,60.3,1015,71.5,645,0,31.5,50.6,8.8,14.9,0
LA-1073,Bihar,Port Development,35.0,222,25.9,662,0,40.2,37.1,7.6,23.6,0
LA-1074,Telangana,Railway,51.7,1270,36.4,152,0,45.7,44.9,2.6,38.4,0
LA-1075,Karnataka,Irrigation Canal,40.3,1247,86.0,403,0,67.9,66.7,8.5,33.4,0
LA-1076,Tamil Nadu,Industrial Corridor,23.4,558,40.4,677,0,24.3,84.8,4.9,71.5,0
LA-1077,West Bengal,Port Development,53.0,1699,52.2,537,1,46.9,49.8,1.7,46.2,0
LA-1078,Odisha,Highway,63.2,1740,36.1,207,1,11.5,99.6,2.3,75.6,1
LA-1079,Telangana,Industrial Corridor,71.4,665,62.6,750,0,11.3,76.6,1.6,60.4,1
LA-1080,Jharkhand,Irrigation Canal,48.2,956,35.8,187,2,13.7,55.8,7.1,56.9,1
LA-1081,Rajasthan,Railway,2.6,394,74.1,894,0,46.8,61.8,3.3,52.1,0
LA-1082,Bihar,Industrial Corridor,55.0,360,57.6,639,1,22.1,72.1,1.9,15.1,0
LA-1083,Haryana,Power Transmission Line,13.4,533,61.9,297,1,18.3,63.4,4.3,4.2,1
LA-1084,Telangana,Urban Metro,46.6,734,70.0,183,2,27.1,15.8,8.8,53.5,0
LA-1085,Kerala,Irrigation Canal,51.5,549,52.6,812,2,48.5,56.8,6.7,16.2,1
LA-1086,Maharashtra,Port Development,6.7,307,42.0,475,1,73.9,51.1,5.4,58.1,0
LA-1087,Madhya Pradesh,Highway,41.9,897,17.7,727,0,53.1,80.8,7.6,51.7,0
LA-1088,Punjab,Port Development,9.9,1249,73.0,750,0,22.1,59.2,1.7,18.2,1
LA-1089,Haryana,Highway,2.2,655,72.9,70,0,11.1,46.9,8.9,64.7,0
LA-1090,Rajasthan,Urban Metro,9.7,1069,89.6,618,0,2.5,56.1,2.6,23.9,0
LA-1091,Punjab,Irrigation Canal,37.9,546,61.5,307,0,55.3,43.9,1.2,5.7,0
LA-1092,Haryana,Power Transmission Line,36.2,1409,26.4,817,0,19.3,88.1,4.3,32.8,0
LA-1093,Rajasthan,Highway,27.4,1298,80.9,204,3,61.3,52.6,1.5,25.9,1
LA-1094,Assam,Urban Metro,61.5,1920,42.0,39,0,80.2,51.0,2.5,57.9,1
LA-1095,Madhya Pradesh,Railway,34.5,110,35.5,601,1,84.4,90.7,7.7,41.0,0
LA-1096,West Bengal,Urban Metro,55.5,1707,61.9,501,2,41.8,73.8,4.6,3.1,1
LA-1097,Telangana,Urban Metro,70.9,684,29.5,504,0,71.7,77.5,1.1,20.5,0
LA-1098,Telangana,Port Development,175.9,136,62.8,244,0,39.6,83.8,6.8,78.7,0
LA-1099,Bihar,Urban Metro,38.4,1381,41.5,450,0,17.9,22.2,7.4,22.0,0
LA-1100,Haryana,Irrigation Canal,93.2,347,77.2,868,0,76.5,96.4,9.1,33.6,0
LA-1101,West Bengal,Urban Metro,49.3,355,65.2,689,1,71.0,94.4,2.4,8.4,0
LA-1102,Punjab,Port Development,51.4,1959,18.4,886,0,26.5,90.6,8.7,6.6,0
LA-1103,Uttar Pradesh,Irrigation Canal,38.8,445,70.6,306,0,53.4,72.5,7.4,43.1,0
LA-1104,Punjab,Highway,46.2,1096,40.7,784,0,29.2,62.2,6.1,22.0,0
LA-1105,Punjab,Dam/Reservoir,34.7,405,93.4,350,0,70.0,89.4,3.4,30.2,0
LA-1106,Punjab,Railway,82.4,252,41.7,842,1,37.2,80.2,5.1,33.1,1
LA-1107,Telangana,Industrial Corridor,22.4,6,64.7,780,1,72.7,66.2,2.8,19.3,1
LA-1108,Karnataka,Railway,9.6,37,43.2,156,0,61.4,88.9,7.5,40.4,0
LA-1109,Kerala,Railway,26.6,950,52.5,875,2,53.8,66.2,7.3,72.2,0
LA-1110,Madhya Pradesh,Port Development,24.2,870,43.6,550,0,65.2,68.9,2.7,37.0,0
LA-1111,Punjab,Railway,26.6,82,83.8,700,1,12.1,97.8,3.3,26.8,0
LA-1112,Gujarat,Urban Metro,37.3,702,43.2,525,0,31.4,81.8,9.1,7.4,0
LA-1113,Karnataka,Urban Metro,26.7,549,28.9,203,1,60.0,50.7,5.2,60.1,0
LA-1114,Gujarat,Highway,36.9,1144,68.7,886,1,68.7,44.0,6.0,3.7,0
LA-1115,Odisha,Railway,26.7,1989,38.1,110,0,72.9,91.2,9.6,13.3,0
LA-1116,Uttar Pradesh,Port Development,56.4,1384,80.1,729,0,8.6,48.4,2.9,49.6,1
LA-1117,Bihar,Industrial Corridor,174.9,1837,65.0,196,2,40.6,92.8,6.6,61.2,1
LA-1118,West Bengal,Highway,48.6,388,64.1,709,0,20.3,64.7,8.0,38.1,0
LA-1119,Maharashtra,Dam/Reservoir,27.7,434,63.8,386,0,10.3,30.6,3.9,52.7,0
LA-1120,Karnataka,Irrigation Canal,2.7,1502,79.7,220,0,52.7,81.2,3.8,20.2,0
LA-1121,Telangana,Highway,138.2,623,57.1,220,1,18.2,76.4,9.1,9.5,0
LA-1122,Telangana,Dam/Reservoir,50.6,1698,42.8,294,0,49.4,69.9,1.9,37.4,0
LA-1123,Karnataka,Highway,36.6,930,79.0,811,0,31.7,90.5,2.4,68.5,0
LA-1124,Haryana,Industrial Corridor,2.9,405,63.9,694,1,52.1,21.3,4.7,37.1,0
LA-1125,Odisha,Dam/Reservoir,38.1,1689,58.0,606,1,59.7,83.9,8.2,58.4,0
LA-1126,Maharashtra,Industrial Corridor,45.9,1103,18.6,570,1,39.4,85.5,5.1,87.3,1
LA-1127,Punjab,Industrial Corridor,26.8,1606,64.5,380,2,22.3,77.3,3.4,20.6,1
LA-1128,Odisha,Power Transmission Line,11.7,907,47.5,812,1,71.7,75.7,4.8,16.7,0
LA-1129,Telangana,Railway,10.9,256,7.4,253,1,13.1,64.6,5.0,32.9,0
LA-1130,Odisha,Industrial Corridor,139.6,1363,3.4,849,0,20.2,48.1,7.5,32.2,0
LA-1131,Gujarat,Dam/Reservoir,44.9,253,35.4,348,1,30.7,44.1,8.8,40.8,0
LA-1132,Maharashtra,Highway,26.8,1328,8.4,313,0,14.9,93.7,3.9,18.0,0
LA-1133,Gujarat,Dam/Reservoir,42.9,836,51.1,433,0,7.8,60.3,7.4,3.7,0
LA-1134,Punjab,Power Transmission Line,40.7,1584,21.9,676,0,63.9,44.1,7.3,25.0,1
LA-1135,Madhya Pradesh,Industrial Corridor,10.3,1740,38.4,645,1,68.0,31.1,7.9,33.3,0
LA-1136,Odisha,Railway,78.7,817,49.4,692,1,42.8,49.5,6.2,67.6,1
LA-1137,Uttar Pradesh,Industrial Corridor,35.8,1764,22.9,89,0,36.8,53.9,1.1,31.7,0
LA-1138,Tamil Nadu,Railway,45.4,226,44.5,153,0,33.4,61.6,6.9,81.3,0
LA-1139,Rajasthan,Irrigation Canal,109.9,219,42.0,765,0,57.8,89.9,6.5,61.4,0
LA-1140,Jharkhand,Urban Metro,12.0,1987,70.1,882,1,7.7,32.6,6.5,47.2,1
LA-1141,West Bengal,Highway,21.3,1150,80.6,123,0,25.0,99.1,3.5,59.0,0
LA-1142,Madhya Pradesh,Power Transmission Line,52.6,904,75.0,814,1,28.6,71.4,1.9,79.7,1
LA-1143,Rajasthan,Industrial Corridor,77.6,315,25.9,243,0,39.8,89.1,2.7,16.6,0
LA-1144,Jharkhand,Railway,24.7,581,73.4,881,1,55.8,74.8,2.9,55.1,1
LA-1145,Haryana,Irrigation Canal,25.9,1373,75.6,894,2,20.0,92.6,2.6,60.8,1
LA-1146,Uttar Pradesh,Irrigation Canal,65.4,1644,9.3,576,0,74.2,87.5,3.2,48.1,0
LA-1147,West Bengal,Urban Metro,166.1,1833,43.0,179,0,30.0,61.8,1.6,33.1,0
LA-1148,Haryana,Dam/Reservoir,44.0,818,67.9,711,1,32.0,70.1,3.4,60.2,1
LA-1149,Uttar Pradesh,Port Development,21.3,912,40.5,100,1,62.8,98.1,10.0,44.7,0
LA-1150,Haryana,Railway,16.0,330,68.6,307,0,33.2,76.8,5.6,55.1,0
LA-1151,Madhya Pradesh,Highway,37.2,170,58.4,578,0,51.2,75.9,4.1,42.3,0
LA-1152,Assam,Highway,75.2,878,65.3,70,0,34.2,73.3,7.5,40.3,0
LA-1153,Madhya Pradesh,Industrial Corridor,214.0,1160,89.3,359,0,9.5,43.5,5.2,40.5,0
LA-1154,Rajasthan,Railway,32.4,213,72.9,719,1,50.9,60.9,1.3,39.2,1
LA-1155,Telangana,Railway,44.0,819,23.8,91,0,11.9,98.5,5.9,49.4,1
LA-1156,Bihar,Port Development,124.5,1284,31.4,336,1,72.2,60.9,3.7,37.0,0
LA-1157,Gujarat,Port Development,52.0,1622,61.3,13,1,72.8,83.4,6.1,12.1,0
LA-1158,Gujarat,Port Development,48.8,1877,27.8,595,1,30.8,98.8,2.6,52.9,1
LA-1159,Punjab,Irrigation Canal,108.9,683,56.3,80,0,73.4,48.9,5.3,72.6,0
LA-1160,Jharkhand,Industrial Corridor,44.8,786,55.7,260,1,19.7,88.9,2.7,46.8,1
LA-1161,Telangana,Industrial Corridor,17.3,1750,21.7,475,0,27.1,78.0,3.7,24.6,0
LA-1162,Rajasthan,Railway,94.4,1388,49.1,200,0,41.1,68.9,7.2,50.0,0
LA-1163,Rajasthan,Industrial Corridor,8.5,551,36.6,215,1,16.5,63.9,3.0,68.8,1
LA-1164,Rajasthan,Industrial Corridor,83.8,1371,43.0,753,0,5.8,54.9,4.8,3.5,0
LA-1165,Haryana,Power Transmission Line,41.4,319,55.1,702,2,49.2,48.3,1.7,21.4,1
LA-1166,Tamil Nadu,Port Development,32.7,900,79.2,81,1,45.1,50.9,7.2,22.8,1
LA-1167,Bihar,Urban Metro,32.0,616,21.9,773,0,63.0,45.8,5.9,12.2,0
LA-1168,Tamil Nadu,Industrial Corridor,37.1,1985,69.2,426,0,61.7,68.5,8.3,52.0,0
LA-1169,Uttar Pradesh,Urban Metro,28.9,74,56.9,138,2,53.9,29.3,5.8,74.2,0
LA-1170,Maharashtra,Port Development,57.6,1714,51.1,816,0,78.6,75.3,9.9,32.9,0
LA-1171,Maharashtra,Industrial Corridor,29.8,566,40.2,309,0,16.9,87.0,3.2,12.7,0
LA-1172,Punjab,Irrigation Canal,41.6,77,56.9,299,0,58.8,73.6,7.7,36.2,0
LA-1173,Kerala,Port Development,4.9,1321,22.6,140,0,56.9,53.5,4.9,54.2,0
LA-1174,Kerala,Urban Metro,41.4,1357,38.5,798,1,36.9,99.6,4.4,31.7,1
LA-1175,Karnataka,Dam/Reservoir,28.5,288,65.4,265,1,53.8,92.6,7.6,54.5,0
LA-1176,Kerala,Railway,79.6,81,58.4,537,0,27.9,53.9,9.6,39.1,0
LA-1177,Bihar,Power Transmission Line,33.8,227,62.8,222,0,67.0,66.3,7.8,51.2,0
LA-1178,Assam,Dam/Reservoir,71.8,820,94.1,806,1,87.6,37.8,4.0,63.6,0
LA-1179,Gujarat,Industrial Corridor,66.1,269,37.6,710,0,42.2,93.6,5.6,63.9,0
LA-1180,Jharkhand,Dam/Reservoir,67.4,1407,64.1,457,0,55.5,97.7,3.0,55.9,0
LA-1181,Bihar,Highway,34.8,159,36.5,317,2,17.0,87.3,6.6,79.0,1
LA-1182,Karnataka,Highway,43.5,1578,89.3,593,0,49.5,73.0,4.6,34.1,0
LA-1183,Kerala,Port Development,56.5,1749,41.3,451,0,18.4,35.4,3.1,38.6,1
LA-1184,Karnataka,Irrigation Canal,44.6,1435,46.8,847,0,26.9,95.2,1.2,31.3,0
LA-1185,Karnataka,Industrial Corridor,33.9,1888,15.2,609,1,50.0,83.4,9.3,38.3,1
LA-1186,Bihar,Power Transmission Line,18.8,1878,64.6,34,2,41.7,71.3,1.7,71.1,1
LA-1187,Rajasthan,Power Transmission Line,42.0,97,20.3,741,0,27.6,29.9,4.0,44.2,0
LA-1188,West Bengal,Dam/Reservoir,9.6,687,86.9,181,1,94.3,32.4,2.7,59.8,0
LA-1189,Madhya Pradesh,Highway,4.4,1521,44.3,278,0,38.5,94.6,5.4,23.8,0
LA-1190,Telangana,Port Development,15.0,682,26.3,398,1,43.5,81.1,2.8,59.2,1
LA-1191,Telangana,Dam/Reservoir,66.9,1475,53.5,196,0,31.3,65.9,7.6,53.6,0
LA-1192,Odisha,Urban Metro,49.6,1549,38.2,848,0,32.0,69.1,3.0,18.1,0
LA-1193,Tamil Nadu,Power Transmission Line,67.3,1993,5.0,880,0,40.8,73.2,2.7,66.9,1
LA-1194,Jharkhand,Railway,23.1,663,48.9,148,1,39.8,61.1,3.0,20.1,0
LA-1195,Maharashtra,Urban Metro,85.2,699,26.3,294,1,48.8,42.7,3.7,18.0,0
LA-1196,Tamil Nadu,Power Transmission Line,10.9,53,49.6,339,0,66.4,71.9,6.8,59.4,0
LA-1197,Maharashtra,Railway,15.5,574,81.8,607,0,30.9,82.7,2.9,30.9,0
LA-1198,Tamil Nadu,Irrigation Canal,84.2,564,81.8,542,0,36.7,34.0,7.3,44.9,0
LA-1199,Jharkhand,Dam/Reservoir,47.0,908,78.6,613,1,23.8,18.8,4.9,15.7,1
LA-1200,Tamil Nadu,Irrigation Canal,67.6,845,49.4,37,2,32.2,92.7,2.8,18.8,0
LA-1201,Assam,Railway,49.7,1713,51.0,467,1,72.8,73.3,3.2,32.6,0
LA-1202,Karnataka,Urban Metro,26.0,1548,20.8,197,1,17.0,66.3,5.7,20.0,1
LA-1203,Kerala,Railway,13.8,1458,58.4,213,1,8.7,86.2,4.4,24.5,0
LA-1204,Karnataka,Dam/Reservoir,6.1,15,76.7,699,3,67.8,85.3,5.6,46.8,0
LA-1205,Madhya Pradesh,Port Development,131.6,945,61.2,135,0,2.4,55.8,8.3,68.3,0
LA-1206,Punjab,Dam/Reservoir,8.1,1460,93.1,38,1,47.0,54.3,1.4,32.2,0
LA-1207,Jharkhand,Dam/Reservoir,106.5,492,48.4,443,1,84.5,84.4,4.5,38.2,1
LA-1208,Madhya Pradesh,Railway,45.0,852,77.1,664,2,40.1,87.2,4.7,61.5,1
LA-1209,Punjab,Railway,50.9,1455,37.2,464,0,35.3,77.6,3.3,38.8,0
LA-1210,Madhya Pradesh,Irrigation Canal,48.4,1590,43.5,153,1,54.4,50.1,5.0,34.0,0
LA-1211,Kerala,Power Transmission Line,61.8,1709,36.6,698,1,5.2,32.2,6.1,19.3,1
LA-1212,Punjab,Dam/Reservoir,21.2,862,27.1,349,0,17.5,87.1,6.3,26.7,0
LA-1213,Karnataka,Urban Metro,3.6,802,82.1,641,0,41.0,71.1,7.0,54.1,0
LA-1214,Kerala,Urban Metro,25.6,768,17.6,189,3,48.5,81.2,1.7,35.1,1
LA-1215,Madhya Pradesh,Dam/Reservoir,58.1,1338,22.9,821,1,14.9,27.5,5.1,21.0,1
LA-1216,Maharashtra,Urban Metro,15.7,841,87.9,262,1,42.0,71.3,7.8,56.9,0
LA-1217,Maharashtra,Power Transmission Line,86.7,803,77.6,874,0,88.5,53.8,5.1,59.9,0
LA-1218,Karnataka,Power Transmission Line,37.6,340,35.4,345,0,35.6,96.9,6.9,63.1,0
LA-1219,Assam,Industrial Corridor,14.3,959,60.7,657,1,85.2,59.4,6.3,28.8,1
LA-1220,Bihar,Highway,46.6,478,41.5,456,2,68.1,72.8,5.2,66.2,0
LA-1221,Karnataka,Urban Metro,57.4,1052,72.1,78,0,31.2,92.8,1.7,32.2,0
LA-1222,Kerala,Urban Metro,60.4,1777,33.2,97,1,74.7,29.9,6.7,33.0,0
LA-1223,West Bengal,Urban Metro,84.3,1552,25.3,370,1,46.3,46.0,5.8,50.1,1
LA-1224,Kerala,Industrial Corridor,10.0,958,41.8,181,0,33.2,97.2,1.1,36.3,0
LA-1225,Madhya Pradesh,Port Development,84.4,1955,82.7,551,1,35.2,67.6,2.9,36.9,1
LA-1226,Punjab,Dam/Reservoir,89.8,1960,16.1,132,0,10.1,91.0,1.6,53.7,1
LA-1227,Odisha,Industrial Corridor,13.8,891,70.8,535,0,25.0,61.6,6.1,29.5,0
LA-1228,Gujarat,Power Transmission Line,16.7,1528,42.3,192,0,8.2,53.6,1.1,59.9,0
LA-1229,Bihar,Highway,70.1,687,32.4,171,1,92.4,58.6,8.6,34.4,0
LA-1230,Karnataka,Port Development,30.0,1757,81.5,336,0,65.6,66.3,9.5,42.0,0
LA-1231,Haryana,Dam/Reservoir,98.9,750,23.4,528,0,45.6,63.8,9.8,10.3,0
LA-1232,Uttar Pradesh,Urban Metro,117.9,520,63.9,365,0,88.6,86.2,3.0,47.1,0
LA-1233,Punjab,Port Development,14.3,272,86.4,321,0,41.6,31.2,5.5,4.8,0
LA-1234,Karnataka,Port Development,20.8,1686,63.3,312,1,51.0,27.7,9.0,44.4,0
LA-1235,Kerala,Port Development,44.8,597,94.3,311,1,6.4,55.3,7.2,26.9,0
LA-1236,Telangana,Industrial Corridor,3.5,1627,24.1,369,0,52.3,65.9,3.7,74.6,1
LA-1237,Rajasthan,Highway,6.4,177,27.1,752,0,25.9,99.9,8.5,29.4,0
LA-1238,Madhya Pradesh,Highway,18.7,1004,63.0,524,2,77.0,90.8,6.2,30.9,1
LA-1239,Telangana,Railway,145.4,858,75.7,385,1,41.6,66.3,7.6,49.4,1
LA-1240,Bihar,Power Transmission Line,50.1,880,85.3,677,1,20.9,62.3,9.7,40.5,1
LA-1241,Odisha,Urban Metro,23.9,338,89.2,479,0,37.2,15.0,10.0,17.0,0
LA-1242,Maharashtra,Power Transmission Line,16.6,152,62.8,854,0,81.4,50.4,5.5,35.1,0
LA-1243,Telangana,Highway,13.7,696,77.5,510,0,55.1,73.5,2.4,18.3,0
LA-1244,Telangana,Railway,25.5,943,16.2,202,1,94.0,97.4,6.6,12.7,0
LA-1245,Maharashtra,Dam/Reservoir,24.2,1588,27.5,511,1,91.9,76.7,6.8,54.8,0
LA-1246,Punjab,Dam/Reservoir,34.5,927,16.5,698,1,40.6,75.5,6.1,57.5,0
LA-1247,Rajasthan,Power Transmission Line,59.4,495,54.0,199,1,57.7,87.3,4.8,28.2,0
LA-1248,Punjab,Port Development,38.9,528,55.6,189,0,13.2,68.7,6.2,17.1,0
LA-1249,Uttar Pradesh,Urban Metro,73.0,1225,22.9,543,0,3.8,88.4,5.8,34.6,0
LA-1250,Bihar,Dam/Reservoir,32.5,874,63.3,797,1,55.3,38.9,9.5,37.2,0
LA-1251,Karnataka,Dam/Reservoir,123.9,1802,41.5,307,2,36.5,86.5,8.5,59.3,1
LA-1252,West Bengal,Urban Metro,71.8,882,49.9,461,0,18.2,88.9,4.5,26.5,0
LA-1253,Tamil Nadu,Power Transmission Line,49.1,1136,63.2,592,0,26.4,69.6,6.1,22.4,0
LA-1254,Telangana,Urban Metro,59.5,132,52.2,600,0,29.0,69.5,6.1,10.8,0
LA-1255,Bihar,Irrigation Canal,26.1,391,50.3,139,0,46.6,78.6,5.6,38.4,0
LA-1256,Telangana,Irrigation Canal,34.0,1701,15.4,361,1,44.3,40.9,1.5,41.6,1
LA-1257,Maharashtra,Industrial Corridor,33.0,692,19.6,894,0,40.3,99.1,7.4,25.0,0
LA-1258,Bihar,Industrial Corridor,21.5,844,13.0,800,1,64.1,71.8,7.6,23.0,0
LA-1259,Odisha,Industrial Corridor,11.4,1182,28.7,697,1,79.6,93.6,5.4,60.8,0
LA-1260,Punjab,Power Transmission Line,61.9,120,77.4,31,0,49.5,79.9,9.1,17.5,0
LA-1261,Bihar,Power Transmission Line,81.2,1015,36.7,381,0,25.5,19.4,9.9,88.3,0
LA-1262,Madhya Pradesh,Highway,55.6,695,42.6,55,2,22.4,54.3,8.3,54.3,0
LA-1263,Assam,Industrial Corridor,38.8,301,59.3,278,1,18.3,52.5,9.4,63.7,0
LA-1264,Jharkhand,Industrial Corridor,161.8,839,47.2,779,0,12.5,73.3,5.4,31.8,0
LA-1265,Odisha,Dam/Reservoir,23.7,896,34.9,355,1,19.8,71.4,9.2,7.5,0
LA-1266,Karnataka,Industrial Corridor,50.3,376,56.6,159,1,14.0,97.7,9.4,65.8,0
LA-1267,Tamil Nadu,Power Transmission Line,89.4,1088,55.9,651,1,62.1,73.6,6.6,29.9,1
LA-1268,Odisha,Highway,15.1,1493,68.4,685,0,38.4,44.6,2.4,13.9,0
LA-1269,Odisha,Railway,65.3,538,36.9,593,0,39.7,43.3,2.4,46.8,0
LA-1270,Madhya Pradesh,Irrigation Canal,129.4,1933,53.0,730,0,24.3,89.0,5.3,49.7,0
LA-1271,Uttar Pradesh,Power Transmission Line,41.3,1226,41.5,634,1,15.2,34.0,7.6,6.9,0
LA-1272,Bihar,Irrigation Canal,47.0,1547,29.5,574,1,8.0,95.6,5.5,67.4,1
LA-1273,Jharkhand,Power Transmission Line,23.8,144,9.7,801,0,30.2,94.5,8.2,37.2,0
LA-1274,Rajasthan,Port Development,59.0,1536,25.6,298,0,58.8,59.3,7.9,41.8,0
LA-1275,Karnataka,Railway,21.0,676,68.2,416,0,59.8,83.6,2.8,23.3,0
LA-1276,Karnataka,Irrigation Canal,39.5,1421,19.9,511,1,22.0,80.6,2.2,33.3,0
LA-1277,Punjab,Railway,9.9,1609,57.6,605,0,32.7,29.2,7.4,19.8,0
LA-1278,Maharashtra,Irrigation Canal,1.5,504,43.8,434,0,45.0,77.0,3.9,30.7,0
LA-1279,Maharashtra,Urban Metro,28.1,522,80.6,402,0,63.1,86.1,9.4,38.4,0
LA-1280,Madhya Pradesh,Highway,27.7,123,36.3,157,0,55.5,79.9,8.8,11.4,0
LA-1281,Karnataka,Irrigation Canal,30.1,1212,34.5,577,1,88.9,82.0,5.1,23.2,0
LA-1282,Telangana,Highway,70.3,1549,24.2,120,0,38.6,25.9,6.2,38.3,0
LA-1283,Karnataka,Dam/Reservoir,82.8,823,54.4,432,2,16.6,24.3,8.6,26.6,0
LA-1284,Karnataka,Urban Metro,51.9,326,56.7,373,2,39.7,80.9,8.8,71.4,0
LA-1285,Jharkhand,Railway,66.8,636,44.8,701,0,46.2,78.6,6.0,43.6,0
LA-1286,Bihar,Railway,21.6,808,55.8,434,3,79.8,41.6,9.7,19.6,1
LA-1287,Odisha,Highway,17.1,1832,65.0,14,1,31.0,83.2,5.7,75.6,0
LA-1288,Gujarat,Power Transmission Line,59.9,252,43.4,460,2,87.3,57.0,1.4,63.4,1
LA-1289,Karnataka,Port Development,14.9,689,49.7,201,0,37.0,76.5,6.1,39.7,0
LA-1290,Punjab,Industrial Corridor,13.3,1277,63.0,348,1,53.4,88.1,8.0,31.1,1
LA-1291,Madhya Pradesh,Dam/Reservoir,218.7,477,57.3,273,0,58.3,93.2,9.9,46.9,0
LA-1292,Jharkhand,Irrigation Canal,43.4,1770,94.1,158,1,34.0,66.5,1.9,27.3,0
LA-1293,Tamil Nadu,Irrigation Canal,27.7,1819,84.0,851,0,7.7,52.4,5.0,38.9,1
LA-1294,Gujarat,Power Transmission Line,25.1,763,54.9,235,0,16.8,91.6,6.3,22.9,0
LA-1295,Gujarat,Railway,10.2,1493,15.4,461,1,8.6,28.1,8.9,58.5,0
LA-1296,Haryana,Dam/Reservoir,51.1,1513,61.6,747,1,14.2,78.1,7.4,8.6,1
LA-1297,Karnataka,Railway,32.5,1365,68.7,334,2,14.2,51.7,3.1,7.4,0
LA-1298,Madhya Pradesh,Power Transmission Line,81.2,377,23.5,844,0,50.4,37.8,8.7,28.5,0
LA-1299,Uttar Pradesh,Industrial Corridor,61.2,103,66.8,369,0,72.7,67.5,7.0,34.5,0
LA-1300,Tamil Nadu,Highway,31.6,697,42.8,852,0,15.4,95.9,9.1,37.6,0
LA-1301,Haryana,Power Transmission Line,4.9,266,50.3,412,1,65.1,45.7,8.5,31.6,0
LA-1302,Uttar Pradesh,Power Transmission Line,43.5,588,45.8,22,0,23.7,88.0,2.2,23.1,0
LA-1303,Assam,Irrigation Canal,40.6,1278,34.6,782,1,15.6,41.7,9.6,30.0,0
LA-1304,Gujarat,Railway,3.6,1179,40.7,778,0,52.9,89.4,5.1,30.3,0
LA-1305,Bihar,Highway,56.2,422,52.9,866,0,76.9,67.4,9.8,12.4,0
LA-1306,Madhya Pradesh,Highway,14.4,40,69.2,120,0,19.6,71.1,2.7,52.5,0
LA-1307,Gujarat,Power Transmission Line,84.1,455,80.6,761,1,42.4,73.1,8.1,54.9,0
LA-1308,Tamil Nadu,Highway,38.7,912,69.5,314,1,12.0,24.3,3.7,42.2,0
LA-1309,Maharashtra,Dam/Reservoir,24.5,1559,47.1,759,1,58.5,38.2,1.4,41.1,1
LA-1310,Telangana,Railway,48.3,733,23.7,867,0,18.6,41.3,9.9,8.3,0
LA-1311,Telangana,Urban Metro,46.1,575,43.0,187,0,58.8,80.6,3.7,16.0,0
LA-1312,Maharashtra,Urban Metro,44.8,1104,25.8,340,0,45.5,96.3,1.7,25.1,0
LA-1313,Madhya Pradesh,Power Transmission Line,76.6,147,59.4,249,0,11.6,91.5,8.7,27.2,0
LA-1314,West Bengal,Dam/Reservoir,50.5,454,14.8,281,0,53.3,94.4,4.9,73.8,0
LA-1315,Telangana,Highway,22.6,77,43.0,540,1,75.9,54.7,6.2,66.7,0
LA-1316,Kerala,Railway,33.3,1053,32.1,377,1,21.6,59.8,9.9,12.0,1
LA-1317,Kerala,Irrigation Canal,105.2,889,64.8,593,0,31.8,91.3,5.3,34.4,1
LA-1318,Jharkhand,Railway,20.9,1167,84.4,610,1,8.1,74.8,1.6,26.8,1
LA-1319,Punjab,Irrigation Canal,55.6,1236,53.0,190,2,34.2,76.6,7.2,2.4,0
LA-1320,Tamil Nadu,Irrigation Canal,78.5,793,37.5,49,0,59.5,70.1,7.4,52.4,0
LA-1321,Maharashtra,Port Development,59.5,1738,81.9,674,1,32.4,60.9,2.7,29.7,1
LA-1322,Odisha,Irrigation Canal,43.7,1836,52.0,171,0,55.1,53.2,5.9,48.9,0
LA-1323,Assam,Dam/Reservoir,49.0,226,29.8,187,0,44.6,83.3,4.3,87.8,0
LA-1324,Jharkhand,Port Development,62.3,1840,26.7,545,0,33.3,63.7,1.4,43.8,1
LA-1325,West Bengal,Dam/Reservoir,20.6,397,39.6,244,2,49.4,70.0,3.8,36.2,1
LA-1326,West Bengal,Highway,40.8,500,64.0,178,1,39.6,67.7,9.2,13.4,0
LA-1327,Uttar Pradesh,Dam/Reservoir,161.2,1061,44.7,283,2,50.9,92.9,3.7,75.4,1
LA-1328,Bihar,Industrial Corridor,56.8,63,26.6,475,0,35.3,68.1,3.0,18.6,0
LA-1329,Gujarat,Dam/Reservoir,44.9,731,41.9,762,1,60.2,30.4,9.5,9.0,0
LA-1330,Gujarat,Irrigation Canal,30.6,393,79.5,889,3,73.1,64.5,4.4,74.6,1
LA-1331,Tamil Nadu,Dam/Reservoir,20.8,967,69.9,661,1,31.5,24.7,9.5,69.4,0
LA-1332,Madhya Pradesh,Industrial Corridor,50.2,1630,49.3,809,0,11.6,96.4,8.9,42.5,0
LA-1333,Haryana,Highway,52.8,1848,58.7,482,0,28.5,44.3,5.2,50.5,0
LA-1334,Karnataka,Power Transmission Line,38.7,428,69.5,373,0,34.9,98.4,4.5,44.2,0
LA-1335,Punjab,Railway,204.0,1092,41.5,739,0,49.4,64.5,2.2,26.8,1
LA-1336,Jharkhand,Dam/Reservoir,22.5,951,51.3,279,2,29.9,66.9,2.7,32.4,1
LA-1337,Tamil Nadu,Irrigation Canal,18.0,833,57.5,733,0,73.9,71.8,3.1,12.5,0
LA-1338,West Bengal,Railway,31.0,1267,79.5,898,0,70.4,95.1,5.2,86.2,1
LA-1339,Jharkhand,Industrial Corridor,39.7,1978,88.3,356,0,52.7,88.8,4.3,53.5,0
LA-1340,Telangana,Power Transmission Line,19.9,813,9.8,573,0,68.4,58.4,8.2,15.2,0
LA-1341,Madhya Pradesh,Highway,49.3,135,33.1,705,1,67.0,71.6,3.7,64.9,1
LA-1342,Odisha,Port Development,53.3,1832,30.3,707,2,30.4,88.4,4.8,62.1,1
LA-1343,Gujarat,Port Development,67.6,1864,74.4,193,1,26.7,86.7,2.1,36.9,0
LA-1344,Assam,Urban Metro,27.0,648,67.2,866,0,48.1,79.8,3.4,48.0,1
LA-1345,Madhya Pradesh,Industrial Corridor,99.3,1005,53.9,457,0,24.1,66.6,8.0,38.2,0
LA-1346,Jharkhand,Power Transmission Line,64.4,1725,65.2,47,0,41.2,39.2,7.4,14.1,0
LA-1347,Assam,Industrial Corridor,22.1,1009,62.1,115,0,40.5,74.7,4.6,60.9,0
LA-1348,Bihar,Industrial Corridor,19.8,964,73.5,657,0,33.2,41.4,6.2,39.8,0
LA-1349,Bihar,Railway,32.7,1844,70.3,389,0,14.3,88.3,5.1,83.3,0
LA-1350,Gujarat,Highway,53.4,1658,82.4,106,1,34.2,55.6,9.1,41.0,0
LA-1351,Uttar Pradesh,Irrigation Canal,59.2,1017,69.3,473,0,27.9,93.7,4.6,80.5,0
LA-1352,Madhya Pradesh,Power Transmission Line,64.3,327,65.1,543,2,30.8,41.4,7.5,67.3,1
LA-1353,Rajasthan,Railway,154.5,879,57.9,81,1,52.7,29.9,3.0,89.6,1
LA-1354,Jharkhand,Highway,7.0,1354,53.2,321,0,36.8,50.3,4.9,62.0,0
LA-1355,Jharkhand,Port Development,37.9,548,50.6,421,0,50.8,87.9,5.8,48.1,0
LA-1356,Bihar,Irrigation Canal,146.1,1076,54.5,704,0,14.3,78.4,1.9,80.7,1
LA-1357,Assam,Industrial Corridor,69.8,1319,78.7,589,1,56.9,89.5,6.3,2.8,0
LA-1358,Maharashtra,Industrial Corridor,17.0,174,65.5,87,1,27.4,68.0,6.2,32.2,0
LA-1359,Kerala,Urban Metro,47.5,1141,37.8,556,1,19.6,77.2,2.4,32.8,1
LA-1360,Haryana,Urban Metro,36.1,1476,4.8,813,0,27.6,83.3,10.0,44.2,0
LA-1361,Assam,Irrigation Canal,35.1,432,43.7,58,2,24.1,93.1,1.8,28.3,1
LA-1362,West Bengal,Port Development,26.6,1099,72.3,888,0,30.4,58.8,9.1,48.3,0
LA-1363,Assam,Irrigation Canal,44.7,1420,79.5,94,1,77.9,55.5,5.4,4.9,0
LA-1364,Maharashtra,Port Development,87.2,93,49.5,564,1,19.0,68.4,3.0,6.7,1
LA-1365,Gujarat,Power Transmission Line,28.6,1289,24.8,322,0,43.6,70.3,2.0,66.8,0
LA-1366,Karnataka,Highway,64.7,523,40.1,660,0,61.3,75.9,7.3,47.9,0
LA-1367,Tamil Nadu,Port Development,72.7,797,72.1,759,1,55.3,92.8,7.8,19.1,0
LA-1368,Uttar Pradesh,Highway,98.8,1297,45.5,768,0,12.4,78.6,7.1,69.5,1
LA-1369,Punjab,Port Development,19.5,13,60.3,784,1,37.3,22.2,4.8,61.5,0
LA-1370,Tamil Nadu,Highway,42.0,38,41.5,736,0,13.2,87.6,2.6,26.2,0
LA-1371,Telangana,Railway,24.0,895,27.5,285,1,89.1,74.3,8.1,35.8,0
LA-1372,Rajasthan,Industrial Corridor,44.7,1899,66.0,424,0,57.7,29.6,8.8,10.2,0
LA-1373,Tamil Nadu,Dam/Reservoir,44.5,17,37.1,649,1,30.5,72.9,4.5,53.0,1
LA-1374,Assam,Power Transmission Line,15.3,1578,4.6,159,0,37.8,63.7,8.6,40.2,0
LA-1375,Maharashtra,Highway,46.7,154,30.4,523,1,11.0,89.1,6.7,52.2,0
LA-1376,Kerala,Railway,159.5,980,40.0,481,1,79.1,62.4,5.7,29.2,0
LA-1377,Kerala,Dam/Reservoir,59.4,864,71.2,885,0,32.4,94.4,6.5,32.1,0
LA-1378,Rajasthan,Urban Metro,12.4,938,33.0,54,1,37.1,71.2,2.0,28.7,0
LA-1379,Madhya Pradesh,Highway,18.4,168,69.2,94,3,9.4,70.7,2.1,50.9,1
LA-1380,Uttar Pradesh,Power Transmission Line,40.4,1508,25.8,36,0,54.0,85.0,7.5,35.0,0
LA-1381,Assam,Irrigation Canal,18.8,554,44.1,497,1,12.8,82.1,9.7,30.0,0
LA-1382,Jharkhand,Railway,95.3,1543,76.6,500,2,68.9,68.5,5.6,20.8,0
LA-1383,West Bengal,Port Development,10.9,1312,58.0,537,0,27.3,81.2,1.5,80.1,1
LA-1384,Uttar Pradesh,Industrial Corridor,59.7,1104,62.1,225,1,35.1,75.0,1.6,35.0,0
LA-1385,Maharashtra,Railway,8.6,620,51.1,283,0,31.7,10.3,5.2,42.1,0
LA-1386,Maharashtra,Urban Metro,39.9,1306,51.4,381,1,35.7,59.8,6.9,26.3,1
LA-1387,Haryana,Power Transmission Line,16.4,1995,58.8,51,0,53.2,87.1,2.4,21.0,0
LA-1388,Assam,Highway,67.5,1846,39.9,679,0,38.4,98.4,1.3,24.6,0
LA-1389,Bihar,Power Transmission Line,84.7,1833,12.6,56,2,68.3,65.2,7.6,49.3,0
LA-1390,Kerala,Railway,53.3,443,31.8,603,0,81.2,64.3,2.3,60.0,0
LA-1391,Bihar,Railway,87.4,1172,39.9,413,2,12.2,28.2,4.9,24.6,0
LA-1392,Tamil Nadu,Dam/Reservoir,2.4,798,56.6,898,0,24.5,60.2,7.6,44.3,0
LA-1393,Odisha,Urban Metro,46.3,1934,58.2,626,0,39.1,76.2,2.1,17.4,0
LA-1394,Kerala,Railway,59.1,1900,23.9,433,0,33.9,85.6,5.0,60.0,1
LA-1395,Haryana,Port Development,64.6,1736,36.0,633,0,88.0,37.7,2.0,5.1,1
LA-1396,Uttar Pradesh,Industrial Corridor,56.6,329,54.9,114,0,63.2,88.6,4.1,64.9,1
LA-1397,West Bengal,Port Development,65.5,641,55.5,171,1,44.0,86.1,9.2,37.6,0
LA-1398,Madhya Pradesh,Urban Metro,45.9,1423,65.4,454,1,44.9,77.8,7.2,69.6,0
LA-1399,Madhya Pradesh,Irrigation Canal,12.5,1500,55.1,773,1,36.5,98.9,1.2,60.9,1
LA-1400,Jharkhand,Industrial Corridor,26.4,703,77.1,739,1,25.3,82.1,2.2,59.6,0
LA-1401,Punjab,Industrial Corridor,95.6,277,13.9,345,1,40.8,87.2,3.6,53.0,0
LA-1402,Tamil Nadu,Urban Metro,88.5,278,30.4,262,0,48.7,85.0,9.1,32.7,0
LA-1403,Jharkhand,Railway,58.3,1370,50.9,868,1,38.8,81.9,7.7,66.8,1
LA-1404,Karnataka,Irrigation Canal,68.5,911,44.6,513,1,40.1,67.2,6.6,37.0,0
LA-1405,Gujarat,Railway,81.5,984,68.8,115,0,81.9,41.1,2.4,27.8,0
LA-1406,Rajasthan,Irrigation Canal,57.8,1631,25.6,210,1,10.1,25.4,9.4,30.5,0
LA-1407,Bihar,Railway,93.8,38,44.3,754,1,2.6,72.2,8.3,46.0,1
LA-1408,Assam,Highway,91.7,1510,63.6,809,2,63.0,77.6,3.2,17.3,1
LA-1409,Uttar Pradesh,Dam/Reservoir,192.1,552,79.9,818,0,75.1,61.0,4.6,32.2,0
LA-1410,Bihar,Highway,27.3,1862,77.6,16,0,23.3,90.2,4.9,38.3,0
LA-1411,West Bengal,Dam/Reservoir,27.8,1910,27.7,742,1,39.1,35.7,6.3,83.2,1
LA-1412,Madhya Pradesh,Highway,54.8,1006,48.9,109,1,37.1,74.4,4.4,89.8,0
LA-1413,Bihar,Port Development,140.5,635,34.4,729,1,30.8,89.1,2.9,28.8,1
LA-1414,Uttar Pradesh,Irrigation Canal,98.8,470,37.9,794,0,19.8,80.9,7.0,26.9,0
LA-1415,Telangana,Industrial Corridor,74.4,367,53.1,331,0,33.0,52.5,7.1,87.9,0
LA-1416,Jharkhand,Irrigation Canal,103.3,1998,74.1,182,0,32.5,80.9,5.0,55.7,0
LA-1417,Maharashtra,Power Transmission Line,59.8,379,72.9,644,0,72.8,54.9,5.4,40.6,0
LA-1418,Madhya Pradesh,Power Transmission Line,33.0,895,80.2,70,0,43.3,86.2,1.5,28.9,0
LA-1419,Gujarat,Industrial Corridor,163.4,961,65.1,525,1,42.0,79.1,5.1,30.9,0
LA-1420,Assam,Power Transmission Line,56.7,1359,41.7,305,0,48.3,68.4,8.2,6.3,0
LA-1421,Kerala,Industrial Corridor,90.4,1686,54.8,387,0,19.2,66.8,6.3,41.3,1
LA-1422,Punjab,Port Development,2.4,1118,39.8,744,0,38.9,74.8,9.3,40.0,0
LA-1423,Odisha,Power Transmission Line,3.2,1517,89.3,893,1,30.0,87.5,7.4,36.7,0
LA-1424,Rajasthan,Irrigation Canal,47.4,1135,52.0,367,0,56.1,70.8,8.0,59.5,0
LA-1425,West Bengal,Railway,18.8,876,74.8,268,0,49.6,72.5,5.1,39.9,0
LA-1426,Haryana,Irrigation Canal,50.7,319,77.9,752,2,16.2,18.9,2.6,30.0,1
LA-1427,Punjab,Railway,27.7,421,66.7,377,1,64.6,94.2,9.2,18.8,0
LA-1428,Uttar Pradesh,Railway,210.0,867,29.7,187,1,22.7,86.1,6.9,56.9,0
LA-1429,Kerala,Dam/Reservoir,85.5,96,38.5,813,1,37.6,88.2,9.2,9.4,0
LA-1430,Maharashtra,Highway,110.0,636,43.7,892,0,65.9,88.3,6.6,14.9,0
LA-1431,Kerala,Power Transmission Line,4.3,927,24.6,267,0,82.8,94.1,5.1,70.6,0
LA-1432,Haryana,Port Development,73.7,947,45.5,150,0,54.7,63.1,2.2,37.2,0
LA-1433,Bihar,Dam/Reservoir,36.2,1630,69.5,145,0,76.4,65.8,4.6,38.2,0
LA-1434,Rajasthan,Railway,111.4,1935,58.5,542,0,70.2,44.1,6.4,21.7,0
LA-1435,Maharashtra,Railway,66.4,1460,24.3,285,2,57.8,94.4,9.4,62.3,1
LA-1436,Odisha,Irrigation Canal,40.5,163,37.9,564,0,50.5,42.8,8.5,73.1,0
LA-1437,Assam,Industrial Corridor,13.9,820,77.5,685,1,65.2,73.0,5.6,61.2,1
LA-1438,Maharashtra,Dam/Reservoir,46.7,1461,30.4,15,0,95.0,90.8,5.0,51.3,0
LA-1439,Rajasthan,Railway,94.1,1191,80.4,775,1,40.3,82.7,1.3,57.0,0
LA-1440,Jharkhand,Railway,115.7,918,50.7,35,0,22.5,70.6,4.2,18.2,0
LA-1441,Madhya Pradesh,Irrigation Canal,31.3,875,46.9,111,1,23.1,77.6,9.8,18.9,0
LA-1442,Bihar,Port Development,188.4,814,32.8,655,0,49.6,79.9,7.7,52.5,0
LA-1443,Karnataka,Highway,89.2,1160,42.3,563,2,62.0,99.2,5.7,42.2,0
LA-1444,Gujarat,Power Transmission Line,19.2,361,30.9,880,1,11.5,57.0,8.8,27.5,0
LA-1445,Telangana,Highway,15.3,1037,72.1,514,0,58.5,24.3,1.2,22.9,0
LA-1446,Tamil Nadu,Railway,38.1,415,75.8,381,0,35.7,85.7,9.6,38.6,0
LA-1447,Jharkhand,Dam/Reservoir,31.2,1363,39.1,605,0,74.6,81.0,7.3,18.6,0
LA-1448,Gujarat,Highway,60.2,1730,84.2,688,0,63.3,61.3,1.1,75.4,1
LA-1449,Madhya Pradesh,Irrigation Canal,43.1,1017,64.6,607,1,34.6,99.3,7.3,33.8,0
LA-1450,Jharkhand,Dam/Reservoir,33.4,778,8.0,339,1,25.5,77.3,1.7,24.0,1
LA-1451,Assam,Industrial Corridor,9.2,1881,44.5,863,1,37.6,36.3,6.8,40.6,1
LA-1452,Karnataka,Highway,67.9,1321,80.4,278,0,41.3,64.1,3.7,47.5,0
LA-1453,Uttar Pradesh,Power Transmission Line,8.3,858,39.8,318,2,66.9,21.5,2.9,26.4,1
LA-1454,Odisha,Dam/Reservoir,89.4,62,11.9,257,0,40.7,75.7,6.7,30.0,0
LA-1455,Gujarat,Power Transmission Line,5.0,36,76.0,276,1,16.9,77.9,4.9,73.5,0
LA-1456,Bihar,Industrial Corridor,7.8,446,45.7,199,0,55.3,74.6,1.6,10.1,0
LA-1457,Telangana,Industrial Corridor,19.1,476,47.3,527,1,55.4,99.1,8.4,51.5,0
LA-1458,Haryana,Urban Metro,29.0,1444,19.8,658,0,71.5,32.1,3.4,9.0,0
LA-1459,Maharashtra,Railway,24.1,1003,64.7,392,2,42.6,34.5,6.6,81.6,0
LA-1460,Kerala,Port Development,28.9,1999,37.2,831,0,64.6,75.4,6.5,30.1,0
LA-1461,Bihar,Dam/Reservoir,51.4,1083,41.0,431,0,46.8,69.8,1.5,21.1,0
LA-1462,Kerala,Railway,19.5,1806,93.7,425,1,26.2,24.2,10.0,18.1,0
LA-1463,Rajasthan,Port Development,51.8,1107,37.3,71,0,14.9,97.4,5.0,49.5,0
LA-1464,Uttar Pradesh,Port Development,2.4,719,52.5,814,0,31.9,67.9,2.8,30.1,0
LA-1465,Jharkhand,Urban Metro,18.8,1430,61.5,141,1,12.4,84.7,4.9,7.9,1
LA-1466,Bihar,Irrigation Canal,7.3,901,84.3,156,1,44.5,49.4,6.4,82.2,0
LA-1467,Odisha,Power Transmission Line,88.7,552,21.6,842,0,43.1,92.4,1.0,65.4,1
LA-1468,Bihar,Port Development,22.0,949,42.2,472,0,31.5,89.4,3.7,5.0,0
LA-1469,Assam,Railway,64.9,1331,12.2,70,0,81.4,48.8,5.8,58.6,0
LA-1470,Kerala,Port Development,5.8,754,41.0,403,0,17.1,68.1,7.3,31.8,0
LA-1471,Punjab,Dam/Reservoir,114.4,1409,43.1,535,0,38.7,74.3,3.8,33.1,1
LA-1472,Rajasthan,Urban Metro,45.0,1961,55.7,18,0,53.4,54.0,4.6,31.8,0
LA-1473,Karnataka,Irrigation Canal,41.1,825,57.6,681,0,15.4,86.9,3.0,34.1,0
LA-1474,Telangana,Industrial Corridor,9.3,593,46.6,604,0,80.2,96.3,3.6,15.0,0
LA-1475,Punjab,Highway,16.7,807,74.5,20,0,86.8,55.7,7.2,4.5,0
LA-1476,Haryana,Dam/Reservoir,34.3,1677,36.3,560,0,58.0,93.3,4.0,19.7,0
LA-1477,Uttar Pradesh,Irrigation Canal,17.3,361,13.6,208,0,13.9,78.3,3.5,43.8,0
LA-1478,Telangana,Highway,82.8,1947,31.5,663,2,65.8,62.3,3.7,38.2,0
LA-1479,Maharashtra,Port Development,44.0,830,49.0,345,0,38.2,88.5,6.5,25.7,0
LA-1480,Madhya Pradesh,Urban Metro,17.5,1684,31.6,189,2,48.7,64.3,6.0,28.8,1
LA-1481,Haryana,Industrial Corridor,74.1,1574,47.0,461,0,94.2,91.6,4.7,4.0,0
LA-1482,Madhya Pradesh,Highway,30.7,1568,37.9,404,2,40.9,98.0,6.7,90.3,0
LA-1483,Punjab,Port Development,71.7,1818,79.6,314,1,72.4,91.2,6.8,56.8,0
LA-1484,Karnataka,Urban Metro,26.7,373,47.9,791,1,17.7,71.0,1.1,46.5,0
LA-1485,West Bengal,Port Development,61.7,1189,60.3,587,0,58.6,91.9,4.1,57.3,0
LA-1486,Tamil Nadu,Port Development,29.8,202,76.9,443,1,9.6,95.6,3.2,53.7,1
LA-1487,Gujarat,Railway,82.8,602,21.0,211,0,36.7,82.7,8.5,26.7,0
LA-1488,Punjab,Railway,6.0,85,46.5,516,0,62.1,54.2,3.5,10.3,0
LA-1489,Odisha,Dam/Reservoir,12.8,1366,51.5,32,0,67.6,60.9,3.9,18.3,0
LA-1490,Assam,Industrial Corridor,36.9,1217,48.2,797,0,23.2,53.4,5.8,5.2,0
LA-1491,Haryana,Power Transmission Line,22.9,1481,62.1,11,1,46.7,61.7,5.9,57.1,0
LA-1492,Punjab,Irrigation Canal,29.0,356,15.4,631,1,63.5,78.9,8.3,72.1,0
LA-1493,Odisha,Urban Metro,66.9,667,32.4,317,2,63.8,80.7,4.5,52.0,1
LA-1494,Madhya Pradesh,Port Development,28.5,1354,61.5,650,0,56.4,85.1,3.5,19.7,0
LA-1495,Rajasthan,Highway,53.2,1653,22.3,331,0,70.0,54.2,6.5,55.4,0
LA-1496,Maharashtra,Industrial Corridor,18.7,1771,74.3,33,2,72.8,87.1,7.6,42.1,0
LA-1497,Tamil Nadu,Dam/Reservoir,4.5,152,75.1,854,1,38.9,80.4,9.9,67.8,1
LA-1498,Assam,Irrigation Canal,71.4,808,40.2,691,0,34.7,48.9,6.6,86.8,1
LA-1499,Rajasthan,Irrigation Canal,132.1,26,52.3,49,1,32.5,50.0,5.4,29.6,0
LA-1500,Maharashtra,Dam/Reservoir,49.1,1637,42.5,39,0,32.0,52.3,2.2,13.3,0
LA-1501,Telangana,Highway,38.5,250,47.8,481,1,42.2,87.8,9.9,43.4,0
LA-1502,Jharkhand,Power Transmission Line,45.2,1645,20.3,861,3,31.4,90.5,7.2,31.0,1
LA-1503,Haryana,Power Transmission Line,103.8,316,56.6,524,0,66.4,84.4,2.5,24.1,0
LA-1504,Madhya Pradesh,Port Development,49.5,35,23.5,19,0,79.4,70.1,5.1,38.3,0
LA-1505,Karnataka,Railway,73.9,1758,67.5,632,1,51.9,70.2,6.0,49.0,1
LA-1506,Gujarat,Power Transmission Line,71.6,880,42.3,390,1,59.6,77.6,3.0,7.1,0
LA-1507,West Bengal,Railway,87.7,852,59.1,578,0,7.0,86.9,7.6,36.5,0
LA-1508,Madhya Pradesh,Port Development,37.8,1295,14.9,321,2,59.0,98.1,6.9,46.9,1
LA-1509,West Bengal,Urban Metro,26.4,553,34.2,17,1,24.4,79.7,3.1,70.1,0
LA-1510,Jharkhand,Power Transmission Line,62.2,1383,52.4,26,1,37.4,47.4,9.9,36.6,0
LA-1511,Kerala,Power Transmission Line,83.4,861,53.6,572,0,60.8,83.2,9.5,39.8,0
LA-1512,Haryana,Railway,94.6,548,42.7,575,0,60.8,60.9,3.4,25.3,0
LA-1513,Haryana,Dam/Reservoir,112.6,792,75.9,296,0,49.7,48.9,5.0,2.9,0
LA-1514,Jharkhand,Urban Metro,78.2,17,41.1,83,1,63.9,98.1,9.1,11.0,0
LA-1515,Maharashtra,Irrigation Canal,25.1,606,57.0,697,0,20.6,97.0,4.7,64.4,0
LA-1516,Assam,Power Transmission Line,49.0,1184,26.3,144,0,69.1,53.3,9.6,49.8,0
LA-1517,Maharashtra,Urban Metro,45.8,280,59.8,177,0,68.9,89.0,2.8,14.8,0
LA-1518,Karnataka,Urban Metro,42.0,241,63.6,412,1,35.6,60.1,7.5,43.8,0
LA-1519,Odisha,Power Transmission Line,62.3,1313,56.6,647,2,36.8,77.2,6.4,28.4,1
LA-1520,Tamil Nadu,Irrigation Canal,35.1,859,58.3,895,1,55.3,68.3,4.1,1.8,1
LA-1521,Bihar,Urban Metro,35.1,277,71.5,566,0,43.9,84.5,7.5,31.0,0
LA-1522,West Bengal,Urban Metro,137.5,1496,53.1,864,0,21.6,70.9,1.2,52.5,1
LA-1523,Haryana,Industrial Corridor,39.4,1551,69.2,590,0,61.8,30.5,3.1,47.3,1
LA-1524,Tamil Nadu,Highway,87.3,74,41.7,764,0,23.2,9.2,3.4,72.5,1
LA-1525,Madhya Pradesh,Power Transmission Line,90.8,407,24.0,166,0,40.8,39.7,2.1,29.5,0
LA-1526,Assam,Industrial Corridor,50.1,743,56.4,60,1,13.2,89.7,1.3,41.2,0
LA-1527,Bihar,Dam/Reservoir,36.3,1464,85.9,605,1,57.5,71.5,4.2,34.6,1
LA-1528,Assam,Industrial Corridor,19.4,152,19.7,877,1,42.4,87.2,3.0,27.6,0
LA-1529,Assam,Irrigation Canal,8.2,1612,88.1,665,0,54.3,85.4,2.2,16.1,0
LA-1530,Odisha,Industrial Corridor,65.5,642,32.5,315,0,75.7,32.7,2.4,34.7,0
LA-1531,Bihar,Railway,56.3,255,46.8,445,2,77.2,83.2,8.4,43.5,0
LA-1532,Bihar,Highway,72.6,1727,34.6,109,1,59.5,91.5,1.9,68.5,0
LA-1533,Madhya Pradesh,Urban Metro,27.8,178,69.3,312,1,7.6,81.2,7.5,48.1,0
LA-1534,Odisha,Dam/Reservoir,146.8,263,68.4,617,1,65.6,75.3,1.5,76.6,1
LA-1535,Bihar,Port Development,60.0,1899,46.9,158,0,75.4,63.6,1.4,40.2,1
LA-1536,Karnataka,Industrial Corridor,38.3,1041,77.0,438,0,25.1,73.2,5.0,59.2,0
LA-1537,Maharashtra,Highway,4.1,928,79.6,268,0,28.0,44.8,4.4,28.8,0
LA-1538,Gujarat,Dam/Reservoir,30.6,1376,61.8,446,1,68.4,80.1,5.9,26.6,0
LA-1539,Uttar Pradesh,Power Transmission Line,75.1,1262,44.3,689,0,32.1,100.0,7.3,73.5,0
LA-1540,Kerala,Irrigation Canal,110.6,1229,55.6,797,0,53.4,97.8,3.8,37.2,0
LA-1541,Uttar Pradesh,Dam/Reservoir,43.2,51,40.9,374,2,77.0,81.5,2.7,16.3,1
LA-1542,West Bengal,Urban Metro,123.0,1105,35.0,746,0,52.7,98.7,8.4,79.6,0
LA-1543,Bihar,Urban Metro,18.1,561,27.0,635,1,63.3,66.7,2.5,41.0,1
LA-1544,Haryana,Irrigation Canal,57.5,1616,35.8,830,0,70.4,56.0,8.2,33.2,0
LA-1545,Uttar Pradesh,Dam/Reservoir,58.7,1013,33.8,668,1,43.7,84.0,6.3,9.7,0
LA-1546,Rajasthan,Power Transmission Line,65.9,251,61.0,500,0,63.8,54.8,3.6,50.1,0
LA-1547,Odisha,Industrial Corridor,47.9,1773,63.1,610,0,56.3,67.9,3.8,69.7,0
LA-1548,Gujarat,Port Development,55.2,572,43.3,292,2,2.8,74.8,4.3,59.2,1
LA-1549,Telangana,Urban Metro,17.7,546,24.3,609,2,43.8,61.8,6.3,44.1,0
LA-1550,Punjab,Railway,103.5,1872,45.5,640,0,38.0,95.1,9.8,34.1,0
LA-1551,Rajasthan,Irrigation Canal,81.4,1551,95.4,553,0,21.5,48.6,3.9,49.9,0
LA-1552,Haryana,Irrigation Canal,53.6,1719,33.0,101,1,10.4,81.8,9.5,29.4,0
LA-1553,Tamil Nadu,Dam/Reservoir,82.7,1326,66.1,471,0,39.7,79.9,2.8,42.1,0
LA-1554,Jharkhand,Urban Metro,105.8,1821,47.6,642,0,32.8,10.8,2.0,50.4,1
LA-1555,Gujarat,Irrigation Canal,65.2,234,73.4,186,1,45.3,68.4,5.8,47.0,0
LA-1556,Kerala,Urban Metro,157.4,1201,14.4,710,0,55.4,85.4,9.8,57.8,0
LA-1557,Assam,Urban Metro,69.2,590,39.1,760,1,82.9,96.1,5.4,12.8,0
LA-1558,Punjab,Power Transmission Line,20.4,799,63.9,489,0,29.7,97.3,8.2,6.8,0
LA-1559,Haryana,Power Transmission Line,51.6,479,22.0,868,0,24.4,51.5,5.3,68.4,1
LA-1560,Gujarat,Dam/Reservoir,85.0,414,49.2,773,0,90.7,58.1,8.7,74.6,0
LA-1561,Uttar Pradesh,Industrial Corridor,105.8,887,20.4,425,1,5.7,76.1,8.3,45.6,0
LA-1562,Karnataka,Railway,48.6,1836,17.0,797,1,36.8,73.5,7.2,35.9,1
LA-1563,Bihar,Urban Metro,18.9,1272,60.1,840,0,20.2,73.6,6.5,47.6,0
LA-1564,Assam,Industrial Corridor,35.6,701,62.4,106,0,68.6,95.7,5.7,49.5,0
LA-1565,West Bengal,Industrial Corridor,11.8,869,43.1,898,0,48.4,89.6,9.6,57.8,0
LA-1566,West Bengal,Urban Metro,74.3,1062,55.2,14,0,11.4,64.4,6.0,26.6,0
LA-1567,West Bengal,Dam/Reservoir,30.2,492,75.3,442,0,46.3,64.9,4.0,33.4,0
LA-1568,Telangana,Irrigation Canal,23.4,1044,52.7,844,1,38.0,73.7,8.9,34.4,0
LA-1569,Odisha,Power Transmission Line,79.5,1393,49.3,654,1,62.5,74.4,6.9,41.6,1
LA-1570,Jharkhand,Railway,121.3,490,22.3,247,0,78.9,72.4,6.0,7.7,0
LA-1571,Rajasthan,Urban Metro,23.3,1171,50.8,582,1,57.5,96.3,7.1,38.3,0
LA-1572,Madhya Pradesh,Power Transmission Line,48.9,1418,14.8,201,0,24.1,54.4,4.1,79.8,1
LA-1573,Uttar Pradesh,Irrigation Canal,36.9,1041,34.8,221,0,81.7,93.1,4.8,44.4,0
LA-1574,Uttar Pradesh,Urban Metro,109.2,587,31.2,821,0,62.5,95.8,2.8,65.6,1
LA-1575,Tamil Nadu,Power Transmission Line,40.3,1111,17.3,51,1,42.2,79.5,8.7,38.9,0
LA-1576,Assam,Power Transmission Line,17.3,1587,52.3,866,1,53.2,81.1,7.0,13.9,1
LA-1577,Gujarat,Power Transmission Line,41.8,447,54.2,413,0,38.7,33.3,8.4,39.8,0
LA-1578,Assam,Irrigation Canal,94.0,1151,17.9,67,0,45.1,81.3,3.9,6.3,0
LA-1579,Maharashtra,Railway,35.1,1362,37.2,710,0,28.5,91.7,10.0,14.4,0
LA-1580,Maharashtra,Port Development,25.5,646,50.2,52,2,30.5,91.2,4.2,42.9,0
LA-1581,Haryana,Highway,38.9,778,29.4,299,0,25.0,84.1,4.2,33.2,0
LA-1582,Maharashtra,Irrigation Canal,17.8,1778,69.1,224,1,45.5,73.7,9.6,22.2,0
LA-1583,Uttar Pradesh,Urban Metro,36.8,730,75.6,708,0,45.6,32.1,6.9,20.5,0
LA-1584,Rajasthan,Railway,27.2,1198,45.0,363,0,30.8,81.5,9.4,44.2,0
LA-1585,Assam,Urban Metro,176.4,303,53.2,592,0,45.8,84.8,6.6,68.7,1
LA-1586,Kerala,Urban Metro,5.5,1852,46.6,74,0,81.2,72.9,3.2,38.0,0
LA-1587,Maharashtra,Urban Metro,20.3,1195,33.9,629,0,44.1,19.9,4.5,83.6,1
LA-1588,Haryana,Irrigation Canal,25.5,1521,18.6,642,1,58.2,68.0,8.7,80.3,1
LA-1589,Haryana,Highway,17.9,1207,10.9,264,2,80.4,44.9,5.4,43.4,0
LA-1590,Punjab,Dam/Reservoir,57.9,714,75.4,794,0,77.4,53.1,7.4,22.1,0
LA-1591,Assam,Irrigation Canal,22.9,683,43.9,428,0,75.2,77.2,2.5,30.4,0
LA-1592,West Bengal,Port Development,10.5,1403,89.0,603,1,35.4,76.8,4.6,35.0,0
LA-1593,Jharkhand,Railway,45.6,1720,36.9,171,1,49.9,91.5,8.6,13.7,0
LA-1594,Tamil Nadu,Railway,33.5,259,25.7,840,1,54.6,62.5,9.5,52.7,1
LA-1595,Punjab,Port Development,23.9,1691,52.6,229,1,27.1,28.9,3.9,21.3,0
LA-1596,Odisha,Dam/Reservoir,107.3,1660,23.8,567,1,25.6,82.8,2.6,63.5,1
LA-1597,Punjab,Port Development,59.4,222,75.5,89,1,15.7,89.7,1.2,69.0,1
LA-1598,Telangana,Port Development,54.6,220,56.0,49,1,60.6,87.0,2.1,31.6,0
LA-1599,Telangana,Railway,60.3,1391,18.7,122,0,40.1,68.7,8.5,10.9,0
LA-1600,Odisha,Dam/Reservoir,58.1,1686,17.6,849,1,72.5,68.8,5.1,55.8,1
LA-1601,Punjab,Urban Metro,34.9,790,37.6,197,1,48.6,74.0,3.6,62.1,1
LA-1602,Kerala,Railway,23.1,1283,39.6,792,1,18.7,96.8,8.0,22.4,0
LA-1603,Bihar,Railway,46.4,1999,17.6,526,0,89.0,34.9,8.1,49.9,1
LA-1604,Haryana,Port Development,34.4,648,94.8,88,0,77.8,70.5,4.3,52.5,0
LA-1605,Gujarat,Irrigation Canal,5.4,453,18.9,402,1,73.8,87.1,9.1,9.7,0
LA-1606,Tamil Nadu,Port Development,16.4,1983,47.0,436,0,81.1,79.6,5.2,12.1,1
LA-1607,Gujarat,Railway,30.9,564,38.8,247,0,17.0,89.1,3.4,26.9,0
LA-1608,Jharkhand,Irrigation Canal,80.7,947,18.3,547,0,69.2,81.0,9.1,29.7,0
LA-1609,Haryana,Irrigation Canal,46.5,887,12.9,776,1,73.7,91.9,2.4,58.2,0
LA-1610,Haryana,Irrigation Canal,19.6,1048,79.2,796,0,41.5,66.1,10.0,47.7,0
LA-1611,Karnataka,Urban Metro,15.1,541,33.7,477,2,61.1,71.4,6.5,25.1,0
LA-1612,Punjab,Dam/Reservoir,92.9,1359,26.3,805,1,25.9,85.4,9.2,33.8,0
LA-1613,Rajasthan,Dam/Reservoir,36.2,1385,38.3,831,1,63.8,86.5,2.6,48.5,1
LA-1614,Telangana,Urban Metro,0.7,405,74.0,88,0,88.1,92.0,4.5,43.5,0
LA-1615,Telangana,Railway,38.1,964,28.6,575,0,34.3,91.7,8.9,19.3,0
LA-1616,West Bengal,Dam/Reservoir,68.9,119,46.5,698,1,20.3,72.0,8.5,23.2,0
LA-1617,Madhya Pradesh,Industrial Corridor,14.6,445,65.6,24,0,22.2,89.6,8.8,24.1,0
LA-1618,Uttar Pradesh,Industrial Corridor,43.9,1974,52.3,547,1,52.0,83.2,3.5,16.6,0
LA-1619,Bihar,Urban Metro,47.1,1015,43.2,822,1,33.3,56.9,6.6,55.4,1
LA-1620,Rajasthan,Port Development,15.5,1247,78.7,248,0,48.2,89.8,4.5,1.0,0
LA-1621,Karnataka,Dam/Reservoir,98.7,1778,13.9,773,0,22.4,89.0,3.9,38.3,1
LA-1622,Bihar,Industrial Corridor,47.7,1428,28.5,841,0,74.5,74.8,5.7,47.7,0
LA-1623,Rajasthan,Industrial Corridor,30.8,1585,87.7,575,0,41.7,97.9,7.4,56.1,0
LA-1624,Odisha,Urban Metro,36.4,1425,68.2,570,0,53.2,19.8,5.7,53.2,1
LA-1625,West Bengal,Irrigation Canal,12.7,1000,37.4,485,1,8.0,68.1,3.1,67.6,0
LA-1626,Tamil Nadu,Irrigation Canal,12.2,1266,49.9,374,0,35.0,41.0,8.3,68.1,0
LA-1627,Tamil Nadu,Urban Metro,28.5,580,62.3,413,1,60.1,96.3,9.8,59.9,0
LA-1628,Gujarat,Highway,30.0,1781,82.1,474,2,32.1,70.1,4.3,48.2,1
LA-1629,Tamil Nadu,Irrigation Canal,34.5,363,53.8,439,2,36.2,99.1,8.6,55.5,0
LA-1630,Kerala,Urban Metro,104.7,1768,40.2,745,1,16.2,34.7,8.8,10.6,0
LA-1631,Tamil Nadu,Dam/Reservoir,66.3,1757,23.2,694,1,56.6,48.1,3.3,27.0,1
LA-1632,Rajasthan,Industrial Corridor,6.6,288,79.7,319,0,34.4,93.7,7.3,39.6,0
LA-1633,Rajasthan,Power Transmission Line,91.4,1421,60.0,466,1,14.0,65.1,9.4,59.2,0
LA-1634,Bihar,Power Transmission Line,28.3,1979,85.0,201,4,42.2,71.2,7.7,14.9,1
LA-1635,Telangana,Urban Metro,70.9,1146,22.5,166,2,63.0,93.1,1.3,61.0,1
LA-1636,West Bengal,Industrial Corridor,30.2,683,50.9,338,1,40.3,81.9,6.4,19.3,0
LA-1637,Madhya Pradesh,Highway,45.5,1759,71.0,61,0,38.3,37.4,8.0,14.1,0
LA-1638,Punjab,Industrial Corridor,13.7,1027,77.6,770,0,51.0,84.8,6.6,53.5,0
LA-1639,Jharkhand,Power Transmission Line,53.3,247,68.5,122,0,31.8,71.9,1.3,62.6,0
LA-1640,Telangana,Urban Metro,76.6,502,49.3,300,0,48.3,45.4,2.1,37.2,1
LA-1641,Assam,Dam/Reservoir,8.2,1366,88.0,233,0,68.8,71.6,8.2,41.1,1
LA-1642,Haryana,Dam/Reservoir,77.5,913,57.7,194,1,57.8,64.5,5.4,23.6,0
LA-1643,Karnataka,Industrial Corridor,23.0,437,75.1,337,3,33.6,47.7,9.6,73.7,1
LA-1644,Punjab,Irrigation Canal,127.7,1599,80.9,650,0,43.5,54.0,4.7,35.5,1
LA-1645,Tamil Nadu,Power Transmission Line,71.8,245,55.9,804,1,35.8,59.1,8.4,72.2,0
LA-1646,Karnataka,Railway,63.2,442,73.8,177,0,46.8,94.7,1.3,11.6,0
LA-1647,Gujarat,Dam/Reservoir,36.6,933,55.1,222,0,15.0,76.8,8.6,56.7,0
LA-1648,Jharkhand,Port Development,197.7,83,71.3,427,1,24.7,65.9,8.7,60.3,0
LA-1649,Haryana,Port Development,28.4,777,12.6,294,0,34.7,81.0,4.3,41.1,0
LA-1650,Karnataka,Irrigation Canal,16.8,1820,93.7,721,1,76.1,89.9,3.8,13.2,0
LA-1651,Telangana,Irrigation Canal,23.8,1882,20.8,208,0,31.1,78.8,9.2,34.6,0
LA-1652,West Bengal,Port Development,86.4,1744,46.7,368,0,75.7,75.8,8.0,59.0,0
LA-1653,Punjab,Industrial Corridor,44.8,651,92.8,495,0,52.1,95.0,6.4,29.4,0
LA-1654,Gujarat,Urban Metro,39.9,134,34.3,349,1,18.9,49.1,4.9,19.9,0
LA-1655,Gujarat,Power Transmission Line,28.8,1630,83.8,559,0,44.4,79.4,9.2,36.2,0
LA-1656,Punjab,Power Transmission Line,38.3,749,43.7,721,0,55.5,95.7,7.7,63.3,0
LA-1657,Telangana,Urban Metro,27.1,1498,34.6,483,2,50.2,78.0,4.8,10.2,1
LA-1658,Maharashtra,Port Development,67.5,242,57.8,416,1,33.9,70.7,5.5,23.0,0
LA-1659,Madhya Pradesh,Irrigation Canal,33.9,1337,53.2,857,0,32.4,70.0,1.9,48.8,0
LA-1660,Bihar,Port Development,24.2,1174,48.5,883,0,41.0,94.6,8.3,19.8,0
LA-1661,Kerala,Railway,81.5,1841,47.2,895,0,7.7,48.0,8.6,41.2,0
LA-1662,Uttar Pradesh,Power Transmission Line,17.3,208,69.9,24,0,20.3,84.6,4.2,89.0,0
LA-1663,West Bengal,Dam/Reservoir,45.3,818,53.2,755,0,72.5,78.9,3.8,93.5,0
LA-1664,Odisha,Dam/Reservoir,5.4,1979,33.0,809,0,37.2,79.6,3.3,50.7,1
LA-1665,Kerala,Dam/Reservoir,11.2,782,73.6,726,0,55.9,46.6,2.6,38.7,1
LA-1666,Gujarat,Irrigation Canal,31.0,1317,86.8,677,0,47.8,60.9,9.5,71.4,0
LA-1667,Haryana,Port Development,26.7,326,81.9,335,0,8.8,88.5,7.8,37.0,0
LA-1668,Assam,Dam/Reservoir,26.7,1458,38.1,656,0,33.3,48.9,4.9,46.6,1
LA-1669,Bihar,Dam/Reservoir,72.2,555,65.1,526,2,65.1,57.5,2.0,2.9,1
LA-1670,Jharkhand,Highway,75.2,1146,47.4,750,0,9.2,81.2,2.3,73.3,1
LA-1671,Odisha,Urban Metro,52.1,1760,14.4,322,0,95.0,80.9,7.4,27.2,0
LA-1672,Telangana,Dam/Reservoir,16.5,1323,26.4,670,0,55.7,84.2,2.8,70.0,0
LA-1673,Maharashtra,Port Development,38.0,951,29.2,708,0,50.9,93.5,4.1,19.9,0
LA-1674,Odisha,Railway,139.8,384,54.0,752,0,54.7,72.8,9.6,30.8,0
LA-1675,Kerala,Port Development,185.1,685,82.5,162,3,43.6,56.5,6.2,28.3,0
LA-1676,Odisha,Highway,82.0,1699,30.5,778,1,74.7,68.2,8.3,19.5,0
LA-1677,Maharashtra,Power Transmission Line,17.1,436,69.5,202,2,59.7,32.0,1.9,37.5,0
LA-1678,Gujarat,Urban Metro,38.3,1314,12.6,844,1,8.3,95.1,4.0,67.1,1
LA-1679,Assam,Power Transmission Line,49.6,972,79.7,44,0,39.0,50.0,9.1,8.1,0
LA-1680,Kerala,Urban Metro,44.1,645,45.9,209,0,40.6,89.0,8.3,33.4,0
LA-1681,Bihar,Railway,88.0,1434,35.8,551,0,34.4,48.9,7.5,51.1,1
LA-1682,Jharkhand,Industrial Corridor,70.0,727,46.7,493,0,69.2,37.6,6.3,39.7,0
LA-1683,Jharkhand,Urban Metro,16.2,576,60.2,622,0,22.7,95.3,3.4,33.0,0
LA-1684,Bihar,Urban Metro,24.7,1060,54.9,369,0,23.6,87.8,6.3,52.3,0
LA-1685,Punjab,Irrigation Canal,81.8,1516,29.8,12,0,72.6,60.7,1.5,22.2,0
LA-1686,Rajasthan,Irrigation Canal,107.0,1728,56.1,559,1,28.1,72.1,2.8,11.3,1
LA-1687,Odisha,Irrigation Canal,50.0,1261,31.4,464,0,44.2,92.2,5.7,76.4,1
LA-1688,Karnataka,Power Transmission Line,116.0,1325,14.7,462,0,15.9,44.3,1.0,53.0,1
LA-1689,Punjab,Industrial Corridor,45.9,1576,51.6,345,0,55.4,86.8,3.1,8.2,0
LA-1690,Jharkhand,Irrigation Canal,19.0,542,54.6,802,1,54.5,39.5,2.4,16.5,0
LA-1691,Punjab,Power Transmission Line,65.6,505,21.7,715,0,24.5,34.0,4.1,37.3,0
LA-1692,Assam,Irrigation Canal,239.0,970,50.4,171,0,31.2,58.1,8.7,40.9,0
LA-1693,Jharkhand,Railway,12.8,1263,12.7,44,0,29.5,55.0,9.5,9.7,0
LA-1694,Maharashtra,Urban Metro,113.1,1293,81.0,171,3,30.1,90.5,2.5,69.1,1
LA-1695,Madhya Pradesh,Port Development,63.0,311,26.6,53,2,56.6,62.6,3.1,13.9,0
LA-1696,Kerala,Irrigation Canal,23.4,1562,45.1,641,0,18.5,46.7,8.6,9.9,0
LA-1697,Odisha,Port Development,5.5,730,46.9,561,0,45.2,78.7,2.6,28.0,0
LA-1698,Uttar Pradesh,Industrial Corridor,3.1,1755,85.7,422,0,4.5,99.3,7.7,31.8,0
LA-1699,Maharashtra,Railway,26.6,1450,8.4,536,0,58.8,86.0,1.8,60.9,1
LA-1700,Gujarat,Irrigation Canal,55.8,1965,91.6,729,1,45.3,40.3,6.8,54.1,1
LA-1701,Odisha,Highway,77.7,1265,75.8,749,0,12.0,73.7,3.4,60.2,1
LA-1702,Bihar,Highway,90.4,1057,51.9,396,1,38.9,64.2,7.7,35.3,1
LA-1703,Bihar,Irrigation Canal,52.2,379,57.8,537,3,32.0,46.5,5.7,40.2,1
LA-1704,Bihar,Power Transmission Line,46.4,800,48.3,523,0,45.0,43.1,2.6,40.4,1
LA-1705,Odisha,Port Development,31.8,1717,22.4,854,0,3.8,95.6,4.6,33.1,1
LA-1706,Uttar Pradesh,Railway,56.8,767,61.1,687,1,67.1,69.3,5.6,20.4,0
LA-1707,Odisha,Port Development,23.7,111,60.1,289,0,30.5,68.2,10.0,4.4,0
LA-1708,Karnataka,Railway,13.5,494,71.3,799,1,11.4,69.9,5.3,70.3,1
LA-1709,Karnataka,Railway,44.3,1192,86.0,364,0,32.1,97.5,2.4,17.1,1
LA-1710,Telangana,Urban Metro,73.6,1260,25.8,684,0,32.0,97.1,6.0,39.9,0
LA-1711,Gujarat,Port Development,10.8,1967,68.4,880,0,25.2,75.8,3.0,39.1,1
LA-1712,Kerala,Industrial Corridor,26.6,1868,64.9,729,1,22.0,41.6,8.9,39.5,0
LA-1713,Punjab,Highway,43.0,1065,17.1,105,0,9.3,30.2,8.5,28.0,0
LA-1714,Assam,Highway,42.3,1111,26.6,193,0,47.4,78.0,2.2,50.2,0
LA-1715,Punjab,Power Transmission Line,61.8,1602,7.8,718,1,10.7,63.7,6.3,69.7,1
LA-1716,Gujarat,Power Transmission Line,137.1,102,22.5,119,0,36.2,63.7,7.3,55.3,0
LA-1717,Karnataka,Dam/Reservoir,3.2,1192,41.6,20,1,65.3,45.2,3.3,54.8,1
LA-1718,West Bengal,Irrigation Canal,141.2,950,17.5,239,1,30.2,64.9,6.6,11.7,0
LA-1719,Odisha,Railway,133.1,1567,79.1,442,0,50.8,47.5,5.2,73.6,1
LA-1720,Bihar,Dam/Reservoir,78.6,1601,8.5,124,0,29.1,54.2,5.3,45.6,0
LA-1721,Assam,Railway,49.3,1312,39.7,146,1,54.8,42.5,6.0,61.7,0
LA-1722,Haryana,Highway,24.1,1316,21.1,311,0,50.8,66.4,6.1,33.4,0
LA-1723,Maharashtra,Power Transmission Line,77.9,1383,37.6,542,0,57.7,29.9,7.4,91.3,0
LA-1724,Punjab,Power Transmission Line,51.3,1162,51.2,494,0,67.9,44.7,5.1,48.2,0
LA-1725,Maharashtra,Industrial Corridor,32.4,459,52.5,720,2,19.6,31.7,7.5,21.0,1
LA-1726,Kerala,Dam/Reservoir,76.5,572,64.5,882,0,41.5,98.8,5.4,13.6,0
LA-1727,Maharashtra,Dam/Reservoir,85.9,1484,84.1,39,0,58.6,85.0,7.0,7.8,0
LA-1728,Karnataka,Irrigation Canal,106.5,1238,10.3,622,1,11.2,19.6,3.4,52.0,1
LA-1729,Telangana,Dam/Reservoir,21.8,479,64.2,155,0,33.8,92.3,5.9,32.9,0
LA-1730,Kerala,Urban Metro,97.3,1756,79.7,330,2,30.0,98.0,5.2,60.8,1
LA-1731,Rajasthan,Highway,32.9,1961,32.9,314,0,83.8,67.2,3.7,63.4,0
LA-1732,Assam,Dam/Reservoir,49.4,1254,35.0,633,2,93.1,65.9,1.6,30.9,1
LA-1733,Punjab,Railway,56.8,459,39.5,237,0,19.4,87.9,5.6,12.7,0
LA-1734,West Bengal,Industrial Corridor,91.9,1876,46.7,806,0,58.8,55.6,1.1,73.1,1
LA-1735,Telangana,Port Development,71.1,477,22.8,351,0,30.8,98.3,4.5,31.3,0
LA-1736,Kerala,Railway,31.9,867,51.0,735,0,78.6,98.8,4.3,59.2,0
LA-1737,Tamil Nadu,Irrigation Canal,3.8,1718,41.4,857,1,51.0,84.0,6.7,24.1,1
LA-1738,Kerala,Power Transmission Line,61.3,1043,74.2,464,0,48.1,92.8,9.9,12.6,0
LA-1739,Assam,Dam/Reservoir,47.9,489,47.8,100,1,36.9,48.3,8.7,44.3,0
LA-1740,Haryana,Railway,12.7,164,86.8,634,0,28.7,85.6,9.8,37.0,0
LA-1741,Punjab,Urban Metro,52.3,725,30.8,386,1,43.0,84.3,9.6,45.6,0
LA-1742,Telangana,Power Transmission Line,42.6,1345,83.8,311,1,65.7,63.1,1.7,21.1,0
LA-1743,Madhya Pradesh,Highway,105.7,1430,17.0,416,0,40.3,58.9,3.5,29.7,0
LA-1744,Punjab,Urban Metro,147.6,449,40.7,276,1,60.8,37.1,3.7,77.4,1
LA-1745,Tamil Nadu,Port Development,84.4,321,55.3,259,0,72.8,93.3,1.6,74.9,0
LA-1746,Gujarat,Industrial Corridor,40.7,1404,28.8,890,0,78.9,62.3,8.6,36.6,0
LA-1747,Tamil Nadu,Railway,45.6,322,57.8,257,1,45.7,94.2,9.1,9.9,0
LA-1748,Tamil Nadu,Railway,21.1,133,34.2,418,1,20.4,52.0,6.4,30.7,0
LA-1749,Bihar,Power Transmission Line,24.9,975,20.1,646,0,86.0,76.1,9.0,46.8,0
LA-1750,Jharkhand,Industrial Corridor,38.8,1143,48.7,206,0,47.6,80.5,7.4,61.8,0
LA-1751,Bihar,Industrial Corridor,35.7,491,15.3,559,0,32.4,86.1,5.0,35.6,0
LA-1752,Maharashtra,Railway,11.9,426,46.7,807,1,24.2,34.5,2.3,48.2,1
LA-1753,Assam,Industrial Corridor,106.5,475,36.0,733,1,7.6,77.6,9.6,30.1,0
LA-1754,Gujarat,Irrigation Canal,116.7,688,84.4,35,0,55.2,87.0,7.2,23.4,0
LA-1755,Karnataka,Urban Metro,104.2,23,48.4,370,1,30.0,83.8,4.2,65.1,1
LA-1756,Kerala,Port Development,119.4,28,76.3,10,0,35.0,42.9,2.2,95.7,0
LA-1757,Rajasthan,Urban Metro,176.2,744,22.1,549,1,36.6,36.7,8.2,76.9,0
LA-1758,Bihar,Highway,21.5,44,84.0,299,0,76.9,65.9,8.2,36.4,0
LA-1759,Kerala,Dam/Reservoir,171.3,639,55.2,805,0,61.9,67.2,5.9,52.5,1
LA-1760,Bihar,Highway,31.8,1163,30.6,166,0,55.0,83.0,10.0,11.4,0
LA-1761,Gujarat,Dam/Reservoir,68.0,67,41.3,767,1,68.1,80.5,4.5,32.3,0
LA-1762,Jharkhand,Highway,9.0,1237,54.7,314,1,42.3,72.7,9.5,24.9,0
LA-1763,Assam,Industrial Corridor,28.5,1244,62.1,828,1,26.1,65.6,6.7,52.7,0
LA-1764,Tamil Nadu,Highway,86.1,1148,23.4,187,0,24.1,91.5,7.6,26.8,0
LA-1765,Punjab,Highway,70.4,1255,85.2,249,0,65.9,56.3,9.3,34.6,0
LA-1766,Odisha,Urban Metro,31.3,1619,28.1,322,0,49.4,84.4,8.5,42.6,0
LA-1767,Karnataka,Urban Metro,45.6,146,13.4,887,0,32.2,97.8,3.6,10.4,0
LA-1768,Bihar,Highway,25.9,341,29.7,663,1,78.4,75.7,8.8,34.8,0
LA-1769,Rajasthan,Dam/Reservoir,85.9,637,92.1,736,0,65.6,77.7,5.9,17.4,0
LA-1770,Telangana,Irrigation Canal,111.3,1377,42.9,502,0,54.0,30.7,1.4,34.7,0
LA-1771,Jharkhand,Irrigation Canal,21.6,1746,39.5,717,1,53.6,37.3,7.1,59.7,1
LA-1772,Uttar Pradesh,Irrigation Canal,42.1,1837,57.9,567,2,36.4,75.5,5.5,27.6,1
LA-1773,Kerala,Power Transmission Line,11.4,1166,50.2,604,1,53.7,45.5,5.8,45.2,1
LA-1774,Haryana,Railway,51.1,823,73.3,755,0,38.3,80.7,4.7,29.2,0
LA-1775,Jharkhand,Power Transmission Line,63.0,826,24.1,885,0,33.1,69.2,1.6,9.7,0
LA-1776,Rajasthan,Railway,54.3,124,83.1,522,0,9.5,81.6,2.6,39.8,0
LA-1777,Maharashtra,Highway,59.4,932,71.5,402,2,78.1,77.3,7.8,24.1,0
LA-1778,Madhya Pradesh,Irrigation Canal,38.6,1028,1.8,591,1,23.5,79.8,3.1,17.5,0
LA-1779,Haryana,Urban Metro,39.4,420,57.7,669,0,50.7,48.5,6.6,13.5,0
LA-1780,Assam,Port Development,37.9,1537,39.7,887,1,15.9,45.2,5.9,42.7,1
LA-1781,Telangana,Irrigation Canal,27.7,1624,60.7,631,1,27.8,44.6,3.0,75.1,1
LA-1782,Maharashtra,Irrigation Canal,30.7,607,21.3,859,1,40.8,87.6,3.5,79.2,1
LA-1783,Maharashtra,Port Development,60.9,1828,73.6,661,0,56.0,53.7,4.5,25.6,1
LA-1784,Karnataka,Urban Metro,106.6,218,78.3,856,1,52.1,75.8,8.9,18.2,0
LA-1785,Odisha,Port Development,18.2,1821,28.4,678,0,32.7,88.8,9.5,52.8,0
LA-1786,Uttar Pradesh,Dam/Reservoir,39.3,1537,53.4,797,1,79.5,95.8,4.5,46.2,0
LA-1787,Telangana,Port Development,14.7,451,60.6,179,0,63.8,70.6,1.4,43.9,0
LA-1788,Gujarat,Dam/Reservoir,28.2,1302,33.7,893,0,35.3,62.0,6.4,70.8,0
LA-1789,Uttar Pradesh,Power Transmission Line,32.3,624,44.0,320,1,43.8,78.3,4.8,64.0,0
LA-1790,Maharashtra,Power Transmission Line,48.4,1600,49.4,719,1,25.8,99.9,5.4,38.0,0
LA-1791,Karnataka,Irrigation Canal,47.4,325,35.2,359,0,31.1,65.6,5.0,36.2,1
LA-1792,Kerala,Railway,41.8,493,77.3,417,0,82.2,46.7,6.9,27.5,0
LA-1793,Haryana,Urban Metro,57.4,617,45.5,675,0,55.0,85.2,3.7,20.2,0
LA-1794,Rajasthan,Urban Metro,19.9,403,62.0,491,1,23.4,64.3,9.0,78.9,0
LA-1795,Madhya Pradesh,Port Development,48.7,668,55.4,647,1,52.3,70.1,4.8,45.2,0
LA-1796,Jharkhand,Railway,71.8,1207,25.6,80,1,36.2,81.6,4.1,36.5,1
LA-1797,Karnataka,Power Transmission Line,19.7,1268,65.9,751,0,76.5,19.8,9.3,39.9,0
LA-1798,Tamil Nadu,Railway,7.1,1110,42.6,373,1,68.8,71.1,4.2,49.9,0
LA-1799,Karnataka,Dam/Reservoir,85.5,383,82.6,711,0,32.8,75.5,1.7,33.9,0
LA-1800,Uttar Pradesh,Irrigation Canal,15.1,408,61.2,264,2,79.8,91.9,2.4,21.0,0
LA-1801,Madhya Pradesh,Railway,27.0,1839,89.9,540,1,70.4,75.0,7.4,10.3,0
LA-1802,Gujarat,Industrial Corridor,70.4,506,84.0,533,1,74.3,59.0,6.1,27.4,0
LA-1803,Assam,Dam/Reservoir,18.7,210,32.1,134,0,31.2,52.1,5.8,22.3,0
LA-1804,Kerala,Dam/Reservoir,81.4,910,36.0,432,0,45.7,88.6,1.7,49.2,1
LA-1805,Punjab,Highway,23.7,18,14.4,575,2,66.2,68.3,2.5,42.7,1
LA-1806,Gujarat,Irrigation Canal,21.1,688,33.3,754,0,42.7,61.7,4.6,78.9,1
LA-1807,Maharashtra,Railway,14.7,1710,51.9,799,0,53.7,89.9,5.0,59.6,0
LA-1808,Rajasthan,Irrigation Canal,23.9,538,50.0,352,0,33.6,94.4,4.4,24.2,0
LA-1809,Jharkhand,Industrial Corridor,63.8,1409,26.3,582,1,56.8,47.3,5.5,55.2,1
LA-1810,Uttar Pradesh,Irrigation Canal,27.0,982,52.0,165,2,54.0,86.1,7.6,64.9,1
LA-1811,Assam,Highway,85.7,713,61.7,807,0,40.8,83.0,6.7,44.6,0
LA-1812,Telangana,Industrial Corridor,43.1,1324,46.8,782,3,61.8,59.9,6.5,43.6,1
LA-1813,Madhya Pradesh,Highway,46.1,1193,26.5,899,0,22.8,56.9,6.0,33.7,1
LA-1814,Punjab,Railway,20.6,639,72.1,442,1,37.0,60.9,2.8,19.7,0
LA-1815,Haryana,Highway,94.5,450,59.4,329,1,49.2,45.6,6.4,12.5,0
LA-1816,Uttar Pradesh,Highway,72.2,1834,44.9,684,0,78.2,32.8,2.4,22.6,1
LA-1817,Maharashtra,Power Transmission Line,70.8,340,30.5,653,0,64.9,64.5,7.4,17.3,1
LA-1818,Telangana,Port Development,36.9,1919,94.3,198,0,33.7,80.6,5.1,17.0,0
LA-1819,Jharkhand,Port Development,13.0,944,62.8,490,1,16.5,82.9,6.2,20.1,0
LA-1820,Uttar Pradesh,Highway,47.9,1993,26.6,582,0,39.3,68.0,8.8,21.8,0
LA-1821,Telangana,Highway,61.9,709,52.8,414,2,35.2,81.7,4.4,4.1,0
LA-1822,Bihar,Irrigation Canal,62.3,1133,56.1,340,1,34.4,87.8,1.9,25.5,0
LA-1823,Telangana,Urban Metro,56.5,1232,45.9,223,2,32.3,66.7,9.0,26.8,0
LA-1824,Odisha,Urban Metro,54.8,680,55.4,376,0,82.5,85.6,4.3,26.4,0
LA-1825,Maharashtra,Port Development,23.6,440,23.4,228,0,75.6,69.3,4.7,63.5,0
LA-1826,Telangana,Irrigation Canal,24.6,1043,38.4,277,1,71.6,76.6,3.7,25.9,0
LA-1827,Assam,Railway,14.9,1327,59.9,174,0,3.2,73.7,4.8,57.5,0
LA-1828,Haryana,Highway,86.4,526,76.6,344,1,47.4,91.1,5.7,14.9,0
LA-1829,Uttar Pradesh,Railway,143.2,1534,31.1,572,1,52.3,94.5,8.6,52.5,0
LA-1830,West Bengal,Highway,236.1,1279,68.0,346,0,54.1,94.7,7.5,62.3,0
LA-1831,West Bengal,Port Development,50.5,337,72.2,136,0,67.6,90.5,5.6,8.9,0
LA-1832,Karnataka,Irrigation Canal,54.9,1877,76.2,723,1,10.9,63.1,7.9,50.6,1
LA-1833,Bihar,Port Development,38.1,92,47.8,393,0,69.9,92.6,8.6,33.9,0
LA-1834,Haryana,Industrial Corridor,49.9,1309,95.0,529,1,21.4,69.1,1.5,60.3,1
LA-1835,Punjab,Industrial Corridor,18.7,881,31.1,475,0,68.9,98.9,6.3,51.2,0
LA-1836,Punjab,Power Transmission Line,37.5,1309,48.3,460,1,57.0,75.9,1.4,62.8,0
LA-1837,West Bengal,Port Development,21.3,1549,33.0,400,1,59.3,89.2,3.8,63.8,0
LA-1838,Uttar Pradesh,Highway,33.7,1375,46.8,682,0,66.2,42.0,7.9,33.0,0
LA-1839,Assam,Highway,23.0,1303,45.4,770,0,31.4,89.9,8.1,35.8,0
LA-1840,Madhya Pradesh,Power Transmission Line,61.9,1682,45.4,814,0,47.3,72.9,9.0,10.3,1
LA-1841,Telangana,Power Transmission Line,67.5,1405,85.3,404,0,20.6,94.1,5.5,36.9,0
LA-1842,Assam,Industrial Corridor,53.6,1628,54.4,313,1,42.0,59.3,1.8,68.6,0
LA-1843,Uttar Pradesh,Urban Metro,24.7,808,33.9,83,1,28.1,71.9,2.1,68.8,0
LA-1844,Uttar Pradesh,Industrial Corridor,13.9,409,70.2,404,0,27.5,86.9,3.2,40.3,0
LA-1845,Uttar Pradesh,Irrigation Canal,68.1,473,41.8,893,1,51.3,72.8,4.3,80.7,1
LA-1846,Bihar,Irrigation Canal,42.9,1226,68.6,241,1,50.7,49.9,5.7,47.3,0
LA-1847,Uttar Pradesh,Port Development,6.8,1065,32.8,762,1,46.5,71.0,6.8,22.1,0
LA-1848,Haryana,Railway,47.6,158,39.5,683,0,15.7,83.4,2.5,19.5,1
LA-1849,Odisha,Industrial Corridor,55.2,412,29.9,597,1,51.3,87.5,2.7,68.9,1
LA-1850,Jharkhand,Industrial Corridor,9.6,1935,56.8,513,1,8.3,90.5,2.6,8.9,0
LA-1851,Punjab,Port Development,62.7,1453,47.5,683,1,79.5,53.5,7.8,63.3,1
LA-1852,Jharkhand,Urban Metro,11.3,1511,48.2,97,1,38.6,96.2,3.7,47.3,0
LA-1853,West Bengal,Power Transmission Line,22.4,397,68.0,124,1,11.6,72.3,2.5,24.3,0
LA-1854,Madhya Pradesh,Irrigation Canal,11.4,133,42.7,184,0,7.3,42.2,4.9,93.8,1
LA-1855,Haryana,Irrigation Canal,20.4,586,38.9,691,1,7.1,88.2,3.2,41.7,1
LA-1856,West Bengal,Power Transmission Line,14.0,1714,49.1,394,0,62.1,60.0,4.3,31.0,1
LA-1857,Uttar Pradesh,Railway,86.0,1015,71.6,194,2,8.7,92.7,8.4,36.3,0
LA-1858,Telangana,Urban Metro,35.4,1570,85.2,49,1,24.2,84.8,4.0,51.2,0
LA-1859,Punjab,Railway,29.6,975,30.8,445,0,76.2,94.6,2.6,72.3,0
LA-1860,Jharkhand,Urban Metro,91.6,982,93.3,364,0,41.0,83.9,3.1,17.0,0
LA-1861,Assam,Port Development,88.4,1203,63.1,168,1,55.3,94.2,1.3,38.7,0
LA-1862,Maharashtra,Dam/Reservoir,31.6,1918,33.2,30,0,13.0,50.8,9.1,45.3,0
LA-1863,Punjab,Highway,52.9,877,49.5,680,1,37.3,84.4,7.3,18.1,0
LA-1864,Haryana,Port Development,26.4,1193,20.8,703,0,23.9,94.7,5.2,47.6,0
LA-1865,Kerala,Highway,39.7,1839,41.7,228,0,20.7,50.6,6.0,28.7,0
LA-1866,Haryana,Irrigation Canal,16.6,747,70.8,449,1,61.2,94.6,3.3,20.9,0
LA-1867,Haryana,Railway,58.6,1680,80.7,235,1,23.8,51.5,4.6,70.1,1
LA-1868,Karnataka,Railway,94.1,1072,19.5,373,0,15.9,51.6,3.9,61.7,1
LA-1869,Uttar Pradesh,Railway,83.1,1758,14.8,107,1,5.5,93.2,8.4,37.6,0
LA-1870,Karnataka,Highway,44.5,938,44.7,852,0,50.7,89.9,7.7,23.0,0
LA-1871,West Bengal,Port Development,6.0,1260,44.0,651,0,68.0,84.2,3.6,37.4,0
LA-1872,Maharashtra,Highway,25.3,649,68.5,811,0,50.7,14.4,7.9,6.6,1
LA-1873,Maharashtra,Power Transmission Line,39.7,1271,15.0,273,0,73.9,96.7,1.8,70.2,0
LA-1874,Kerala,Urban Metro,12.2,655,59.7,786,1,76.6,99.3,2.8,18.9,1
LA-1875,Gujarat,Dam/Reservoir,10.2,1220,76.5,471,1,76.5,55.6,2.0,33.0,0
LA-1876,Gujarat,Port Development,111.9,1578,94.1,186,1,55.4,55.5,3.1,41.3,0
LA-1877,Kerala,Railway,76.5,872,64.5,305,1,39.3,86.9,3.0,83.2,0
LA-1878,Gujarat,Dam/Reservoir,61.9,861,22.9,732,1,29.3,89.9,9.1,50.2,0
LA-1879,Telangana,Urban Metro,70.5,647,34.9,699,1,76.1,65.2,3.9,52.3,1
LA-1880,Maharashtra,Railway,14.5,1462,31.2,651,1,53.7,90.9,4.2,72.0,0
LA-1881,Haryana,Power Transmission Line,19.8,1186,52.5,211,2,43.8,86.0,1.9,33.7,0
LA-1882,Karnataka,Dam/Reservoir,50.6,1035,89.4,586,0,47.2,81.8,1.6,47.6,0
LA-1883,Bihar,Power Transmission Line,53.5,55,32.9,847,1,63.2,95.8,3.0,32.0,1
LA-1884,Haryana,Railway,11.5,224,44.6,53,0,46.1,91.4,2.2,35.8,0
LA-1885,Kerala,Dam/Reservoir,48.0,19,1.9,295,0,79.2,47.6,4.1,44.4,0
LA-1886,Uttar Pradesh,Dam/Reservoir,40.2,1701,21.8,81,0,30.4,87.6,2.7,31.4,0
LA-1887,West Bengal,Dam/Reservoir,81.3,1704,34.2,102,0,31.5,73.3,2.6,41.6,1
LA-1888,Uttar Pradesh,Dam/Reservoir,53.7,140,74.4,898,0,35.1,48.2,6.8,39.6,0
LA-1889,Madhya Pradesh,Port Development,120.5,97,70.2,223,0,47.9,73.3,9.5,44.2,0
LA-1890,Maharashtra,Power Transmission Line,31.7,1563,78.3,169,0,49.6,31.0,1.1,25.5,0
LA-1891,Kerala,Railway,15.4,1051,30.3,75,1,43.3,78.7,7.4,21.2,0
LA-1892,Gujarat,Industrial Corridor,118.3,621,68.0,883,0,25.7,84.2,6.9,22.2,0
LA-1893,Jharkhand,Railway,55.8,1231,57.0,427,0,56.1,54.0,6.3,11.1,0
LA-1894,Kerala,Power Transmission Line,40.4,476,59.6,714,0,35.8,69.7,7.2,37.4,0
LA-1895,Odisha,Urban Metro,20.4,400,17.7,232,0,71.4,59.6,5.6,30.8,1
LA-1896,Gujarat,Dam/Reservoir,32.0,738,64.1,580,0,4.5,73.5,9.3,20.9,0
LA-1897,Uttar Pradesh,Irrigation Canal,30.6,1791,93.1,798,0,36.0,64.4,2.4,22.8,0
LA-1898,Maharashtra,Irrigation Canal,14.8,1535,32.7,607,1,73.4,51.0,5.3,31.6,0
LA-1899,Odisha,Urban Metro,3.9,384,18.3,470,0,32.4,79.9,6.9,47.2,1
LA-1900,Uttar Pradesh,Highway,30.1,1125,97.6,197,0,25.6,39.2,9.2,20.5,0
LA-1901,Uttar Pradesh,Industrial Corridor,71.7,1769,65.2,217,0,26.0,72.9,5.4,38.0,1
LA-1902,West Bengal,Urban Metro,99.5,1903,71.7,541,0,64.2,64.3,9.8,44.7,1
LA-1903,Assam,Industrial Corridor,83.5,1527,85.1,411,0,11.8,99.6,6.9,35.2,0
LA-1904,Karnataka,Power Transmission Line,86.8,262,80.1,51,0,23.8,77.3,7.3,55.3,0
LA-1905,Kerala,Port Development,16.5,485,34.5,184,0,75.0,7.6,8.4,73.1,0
LA-1906,Rajasthan,Irrigation Canal,51.3,441,20.0,394,1,17.8,86.5,7.6,11.9,0
LA-1907,Bihar,Urban Metro,62.2,305,79.1,169,0,76.9,63.5,5.7,76.2,0
LA-1908,Tamil Nadu,Power Transmission Line,65.1,354,35.6,503,0,81.2,80.6,8.0,25.0,0
LA-1909,Maharashtra,Highway,39.7,635,25.4,277,0,66.5,53.1,1.3,41.1,0
LA-1910,Punjab,Industrial Corridor,46.8,1113,83.2,269,1,37.9,50.1,9.4,12.8,0
LA-1911,Bihar,Highway,81.8,798,27.0,106,0,32.3,83.1,8.4,24.8,0
LA-1912,Rajasthan,Dam/Reservoir,60.6,844,41.5,457,1,73.7,95.2,6.7,56.1,0
LA-1913,Jharkhand,Industrial Corridor,68.8,495,83.5,177,0,43.6,52.4,1.6,53.0,0
LA-1914,Odisha,Irrigation Canal,28.9,306,12.9,571,2,52.8,97.9,3.7,39.3,1
LA-1915,Karnataka,Power Transmission Line,66.3,1997,91.0,844,1,10.9,98.6,3.3,17.1,0
LA-1916,Gujarat,Industrial Corridor,46.3,1199,13.0,821,1,85.5,68.3,3.3,44.4,1
LA-1917,Punjab,Irrigation Canal,76.2,463,37.4,603,1,38.7,65.0,7.0,85.6,0
LA-1918,Madhya Pradesh,Irrigation Canal,23.6,1620,19.2,728,0,28.6,84.8,8.9,33.7,0
LA-1919,Telangana,Power Transmission Line,72.0,1662,43.5,829,0,48.9,33.0,7.1,39.0,1
LA-1920,Haryana,Irrigation Canal,32.4,1933,54.7,616,1,87.8,80.1,4.5,63.0,0
LA-1921,Odisha,Port Development,72.2,322,24.9,238,2,39.7,75.7,9.7,17.4,0
LA-1922,Karnataka,Highway,51.5,1281,45.6,455,1,64.8,49.9,8.8,72.4,1
LA-1923,Bihar,Port Development,43.8,1960,26.4,772,2,11.7,52.9,7.2,33.3,1
LA-1924,West Bengal,Irrigation Canal,33.8,1614,47.8,604,0,9.3,97.1,4.6,6.9,0
LA-1925,Jharkhand,Industrial Corridor,40.6,454,25.3,332,2,64.1,72.5,7.2,41.1,1
LA-1926,Gujarat,Railway,30.1,1786,51.4,159,0,28.5,88.3,4.7,55.1,0
LA-1927,Madhya Pradesh,Power Transmission Line,33.2,846,23.4,138,0,39.1,70.7,2.4,49.4,0
LA-1928,Rajasthan,Port Development,59.5,980,50.6,345,2,81.5,84.5,6.6,80.8,0
LA-1929,Odisha,Irrigation Canal,8.1,1119,22.2,726,1,31.1,69.3,7.3,66.7,1
LA-1930,Gujarat,Railway,71.5,1543,36.9,501,1,59.0,88.3,4.1,54.1,1
LA-1931,Kerala,Industrial Corridor,72.4,244,57.3,63,2,29.0,51.4,9.4,45.2,0
LA-1932,Madhya Pradesh,Railway,34.6,1080,25.6,827,0,42.4,40.8,8.7,22.4,1
LA-1933,Telangana,Irrigation Canal,47.7,1634,7.3,370,1,9.6,56.1,6.2,57.9,0
LA-1934,Karnataka,Power Transmission Line,18.5,1099,6.2,357,0,67.7,91.7,1.5,56.9,0
LA-1935,Jharkhand,Industrial Corridor,56.8,552,58.3,739,1,67.3,89.1,1.2,23.1,0
LA-1936,Bihar,Urban Metro,20.7,117,70.9,345,0,67.2,96.2,6.8,6.5,0
LA-1937,Bihar,Urban Metro,1.1,1100,84.0,559,2,10.1,26.0,8.3,53.5,1
LA-1938,Karnataka,Port Development,97.0,1408,70.4,829,0,61.0,47.4,5.5,40.0,0
LA-1939,Gujarat,Highway,16.7,1101,43.1,471,0,60.1,24.8,1.2,65.2,1
LA-1940,Kerala,Irrigation Canal,39.9,1958,1.5,556,0,18.2,66.8,2.3,74.4,1
LA-1941,Rajasthan,Highway,49.0,1207,21.9,324,0,52.7,83.1,2.9,30.4,0
LA-1942,Assam,Highway,59.4,1018,55.0,802,0,61.1,88.4,6.6,25.4,0
LA-1943,Karnataka,Railway,42.6,115,26.7,76,0,3.1,91.5,5.4,28.1,0
LA-1944,Bihar,Industrial Corridor,52.2,1119,59.8,255,1,36.1,79.8,1.9,52.7,1
LA-1945,Maharashtra,Dam/Reservoir,34.0,341,56.3,891,1,42.8,80.5,5.5,34.8,1
LA-1946,Jharkhand,Port Development,9.9,1450,59.9,440,0,19.7,90.8,8.8,19.8,0
LA-1947,Bihar,Urban Metro,41.4,326,37.7,165,0,8.9,26.2,5.0,21.6,0
LA-1948,Jharkhand,Port Development,65.3,1813,81.3,378,1,53.9,32.9,2.3,17.2,0
LA-1949,Madhya Pradesh,Railway,17.6,607,37.2,237,1,13.0,85.6,6.2,75.5,0
LA-1950,Maharashtra,Port Development,49.4,870,82.2,477,1,42.8,63.9,9.4,81.1,0
LA-1951,Madhya Pradesh,Dam/Reservoir,136.4,294,23.8,219,0,86.1,79.2,2.0,27.1,0
LA-1952,Odisha,Highway,39.3,425,79.2,365,1,9.1,64.4,2.4,56.7,0
LA-1953,Rajasthan,Power Transmission Line,40.9,1844,57.6,818,1,58.8,75.1,6.1,17.2,1
LA-1954,Punjab,Port Development,9.0,570,23.2,83,2,35.9,58.3,4.1,43.4,1
LA-1955,Odisha,Power Transmission Line,15.7,1028,9.4,689,2,26.3,66.3,9.1,53.2,1
LA-1956,Rajasthan,Port Development,20.9,1962,69.9,79,0,54.2,58.4,7.4,61.5,0
LA-1957,Telangana,Dam/Reservoir,63.5,1249,36.2,417,0,26.9,97.8,2.3,43.5,1
LA-1958,Jharkhand,Power Transmission Line,18.8,88,40.0,604,1,58.0,44.7,8.8,23.7,0
LA-1959,Rajasthan,Highway,55.9,718,54.0,860,1,70.6,93.5,6.8,68.2,0
LA-1960,Bihar,Irrigation Canal,22.6,776,35.0,232,1,79.2,38.8,5.4,15.7,0
LA-1961,Rajasthan,Railway,9.4,556,76.7,56,1,60.3,83.7,3.3,50.7,0
LA-1962,Haryana,Power Transmission Line,69.0,486,53.9,678,0,54.3,91.5,6.8,87.7,0
LA-1963,West Bengal,Industrial Corridor,30.9,1008,83.4,805,0,37.5,91.2,9.1,25.6,0
LA-1964,Jharkhand,Power Transmission Line,59.7,757,25.1,512,1,31.1,66.5,1.3,50.9,1
LA-1965,Odisha,Railway,9.0,592,43.5,63,1,27.5,43.8,4.4,43.8,0
LA-1966,Odisha,Irrigation Canal,3.4,828,42.6,455,1,29.0,52.8,9.4,53.1,1
LA-1967,Tamil Nadu,Urban Metro,46.0,690,17.4,358,0,47.2,82.7,4.4,48.8,0
LA-1968,Assam,Highway,15.2,461,80.5,411,0,16.8,61.9,1.3,55.0,0
LA-1969,Uttar Pradesh,Railway,45.5,908,51.1,58,0,45.6,49.3,1.9,39.6,0
LA-1970,Madhya Pradesh,Dam/Reservoir,46.2,1884,33.5,292,2,42.8,97.2,7.2,46.3,1
LA-1971,Rajasthan,Highway,41.9,1013,23.8,899,1,20.2,94.5,7.3,60.9,0
LA-1972,Karnataka,Power Transmission Line,86.3,1197,48.5,50,1,30.4,60.3,2.0,86.9,0
LA-1973,Karnataka,Railway,55.2,1968,6.8,823,1,27.2,83.6,3.0,52.9,1
LA-1974,Bihar,Highway,136.4,1229,46.1,470,1,46.7,65.3,6.1,28.3,0
LA-1975,West Bengal,Power Transmission Line,31.6,450,26.4,530,3,64.8,93.8,7.2,36.8,1
LA-1976,Maharashtra,Industrial Corridor,12.5,799,38.8,840,1,41.8,70.6,2.4,46.7,1
LA-1977,Odisha,Railway,24.0,978,28.3,203,1,43.4,86.6,5.1,35.9,0
LA-1978,Tamil Nadu,Highway,33.2,952,74.9,886,1,50.3,42.4,6.1,13.4,0
LA-1979,Odisha,Railway,144.0,303,65.6,256,0,11.5,90.8,1.4,32.2,0
LA-1980,Odisha,Urban Metro,43.8,216,67.9,320,0,61.0,74.5,3.0,34.3,0
LA-1981,Kerala,Port Development,88.5,703,35.5,410,0,16.8,53.8,9.3,18.9,0
LA-1982,Gujarat,Railway,29.5,1828,52.8,545,0,10.0,77.9,8.9,25.7,0
LA-1983,Telangana,Irrigation Canal,26.6,1436,19.9,297,2,41.5,23.8,3.9,4.0,1
LA-1984,Odisha,Irrigation Canal,8.6,1684,43.6,715,1,77.6,87.1,8.8,31.5,0
LA-1985,Telangana,Irrigation Canal,140.9,353,93.9,28,0,36.2,93.0,6.7,39.5,0
LA-1986,Odisha,Railway,108.9,831,56.1,603,0,34.8,75.7,9.8,27.7,0
LA-1987,Tamil Nadu,Highway,49.8,1164,88.3,594,0,62.8,80.1,9.7,33.3,0
LA-1988,West Bengal,Industrial Corridor,34.7,871,11.9,485,1,33.2,76.3,6.6,86.2,1
LA-1989,Punjab,Irrigation Canal,45.0,836,26.7,555,1,25.5,91.3,5.2,49.7,0
LA-1990,Tamil Nadu,Irrigation Canal,12.0,722,54.9,675,0,18.5,89.0,2.3,41.5,0
LA-1991,Gujarat,Irrigation Canal,59.6,107,38.1,814,1,54.4,86.8,5.8,44.7,0
LA-1992,West Bengal,Dam/Reservoir,102.9,1715,78.2,204,1,73.5,75.8,4.6,35.0,0
LA-1993,Rajasthan,Industrial Corridor,106.4,1866,68.7,434,0,88.0,56.9,6.8,33.6,0
LA-1994,Gujarat,Power Transmission Line,9.0,166,51.1,510,0,58.7,96.3,1.8,28.6,0
LA-1995,Telangana,Railway,88.0,830,39.3,316,0,20.4,70.1,8.5,21.4,0
LA-1996,Gujarat,Port Development,12.1,1038,37.7,876,0,46.7,60.6,9.7,60.8,1
LA-1997,Tamil Nadu,Dam/Reservoir,3.7,1568,42.3,465,0,28.5,68.0,2.9,19.7,1
LA-1998,Jharkhand,Highway,90.2,1973,72.1,537,1,75.0,65.9,6.7,51.9,1
LA-1999,Gujarat,Dam/Reservoir,27.5,835,12.5,183,0,40.5,68.5,8.2,5.3,0
LA-2000,Punjab,Urban Metro,81.7,1499,27.8,380,0,37.5,37.4,6.0,28.5,0
LA-2001,Kerala,Highway,76.7,1875,14.8,566,1,62.3,64.7,9.4,45.9,1
LA-2002,Gujarat,Port Development,70.1,1661,34.3,391,1,45.7,93.5,5.6,53.2,1
LA-2003,Assam,Highway,44.6,584,21.2,695,0,79.0,77.4,3.4,14.6,0
LA-2004,Bihar,Highway,13.5,1635,53.1,131,0,42.8,64.0,5.2,32.3,0
LA-2005,Assam,Highway,33.2,827,39.3,146,0,76.9,26.0,5.4,57.6,0
LA-2006,Haryana,Power Transmission Line,107.6,39,32.7,311,1,49.4,82.0,3.3,14.8,0
LA-2007,Gujarat,Industrial Corridor,83.2,1518,12.3,293,0,49.4,15.4,8.1,19.0,1
LA-2008,Kerala,Power Transmission Line,34.6,1671,28.3,735,1,90.2,86.4,6.6,23.7,1
LA-2009,Gujarat,Highway,34.3,690,85.8,782,0,12.5,43.1,4.3,48.7,1
LA-2010,Madhya Pradesh,Railway,65.7,904,38.7,430,2,20.8,30.5,4.8,43.4,1
LA-2011,Punjab,Port Development,47.1,731,77.8,459,0,34.8,89.9,4.3,45.3,0
LA-2012,West Bengal,Dam/Reservoir,36.1,238,47.9,271,0,52.8,70.7,5.0,15.9,0
LA-2013,Tamil Nadu,Port Development,61.9,1989,75.2,483,0,49.2,92.7,5.8,9.9,0
LA-2014,Gujarat,Highway,60.4,50,37.7,638,1,7.7,86.9,4.0,75.2,1
LA-2015,Haryana,Port Development,24.6,1113,65.0,652,1,30.6,41.9,8.4,24.2,0
LA-2016,Rajasthan,Urban Metro,54.3,34,17.4,872,0,47.6,76.8,9.4,9.3,0
LA-2017,Karnataka,Industrial Corridor,57.8,1380,69.3,524,0,60.9,46.6,5.7,27.1,0
LA-2018,Uttar Pradesh,Railway,42.1,1802,69.6,312,0,63.5,73.7,7.4,54.0,0
LA-2019,Maharashtra,Dam/Reservoir,22.3,1288,84.4,71,2,25.4,70.1,9.4,64.1,0
LA-2020,Uttar Pradesh,Power Transmission Line,32.4,1214,26.9,622,1,12.0,70.9,2.7,64.2,1
LA-2021,Maharashtra,Highway,18.5,1656,66.5,725,3,56.4,99.3,2.7,19.4,1
LA-2022,Haryana,Railway,55.4,1948,46.8,501,0,30.3,72.1,1.7,54.8,1
LA-2023,Haryana,Power Transmission Line,9.1,1724,30.6,831,1,54.6,24.7,5.0,10.5,1
LA-2024,Haryana,Highway,115.1,466,61.5,292,0,11.4,41.2,4.0,9.9,0
LA-2025,Uttar Pradesh,Irrigation Canal,99.7,1128,32.2,57,0,85.2,69.3,6.0,46.2,0
LA-2026,Maharashtra,Power Transmission Line,58.8,1638,52.2,573,1,14.2,70.1,5.1,41.2,1
LA-2027,Madhya Pradesh,Dam/Reservoir,79.8,592,7.7,117,1,29.8,44.6,2.7,68.1,1
LA-2028,Odisha,Highway,76.2,1352,73.2,84,0,43.9,63.3,4.5,15.8,0
LA-2029,Tamil Nadu,Industrial Corridor,47.6,50,46.1,634,0,65.0,92.3,1.3,72.4,0
LA-2030,Karnataka,Dam/Reservoir,36.9,1755,41.9,396,1,41.1,68.4,5.8,57.9,1
LA-2031,Bihar,Port Development,33.6,1230,57.7,547,0,33.7,85.5,3.4,60.0,1
LA-2032,Kerala,Dam/Reservoir,117.9,1487,75.1,675,0,47.5,55.6,2.0,15.3,0
LA-2033,Tamil Nadu,Railway,21.6,1651,16.4,350,0,34.7,55.7,1.6,55.0,1
LA-2034,Maharashtra,Port Development,22.0,441,63.7,553,1,41.4,53.3,7.4,68.5,0
LA-2035,Kerala,Dam/Reservoir,84.7,903,30.1,489,1,25.0,93.3,3.2,27.9,1
LA-2036,Assam,Irrigation Canal,79.3,1717,53.7,526,2,65.4,74.5,6.9,79.5,1
LA-2037,Uttar Pradesh,Power Transmission Line,35.2,333,41.9,635,1,18.2,97.0,8.3,17.2,0
LA-2038,Rajasthan,Industrial Corridor,63.4,1645,14.0,348,2,51.3,75.4,5.5,16.4,0
LA-2039,Haryana,Power Transmission Line,69.4,579,35.5,458,0,18.3,33.7,2.2,18.9,0
LA-2040,Kerala,Irrigation Canal,12.9,1153,29.1,536,2,87.9,72.9,6.5,9.7,1
LA-2041,Haryana,Dam/Reservoir,104.0,1022,64.6,134,0,39.4,39.9,1.6,69.1,0
LA-2042,Rajasthan,Dam/Reservoir,69.4,1374,32.6,198,0,55.3,84.3,8.4,11.5,0
LA-2043,Tamil Nadu,Power Transmission Line,59.6,1674,77.2,89,1,12.6,68.4,7.9,24.6,0
LA-2044,Kerala,Port Development,69.8,701,50.2,186,1,15.0,80.4,4.6,16.2,0
LA-2045,Bihar,Power Transmission Line,54.5,347,41.2,400,1,60.6,76.3,3.4,65.8,0
LA-2046,West Bengal,Port Development,40.2,848,82.5,844,1,25.0,86.9,7.4,50.8,0
LA-2047,Odisha,Industrial Corridor,48.0,1226,17.0,831,1,68.6,87.5,6.1,23.3,1
LA-2048,Telangana,Power Transmission Line,11.7,1502,57.6,688,2,31.8,93.9,2.3,24.8,0
LA-2049,Maharashtra,Railway,149.4,1507,25.5,506,0,18.9,49.8,7.8,64.7,0
LA-2050,Gujarat,Urban Metro,39.7,683,51.2,190,1,68.6,35.5,4.0,36.3,0
LA-2051,Tamil Nadu,Irrigation Canal,147.7,1872,70.2,328,0,64.1,96.7,9.0,26.7,0
LA-2052,Gujarat,Railway,48.6,170,48.7,691,2,54.0,85.9,8.5,75.2,0
LA-2053,Jharkhand,Railway,26.4,237,57.8,818,1,58.7,58.0,3.5,7.4,0
LA-2054,Maharashtra,Dam/Reservoir,102.0,54,15.4,866,3,27.7,75.9,3.3,13.5,1
LA-2055,Jharkhand,Highway,57.9,1853,52.5,355,2,20.4,63.3,4.6,18.0,0
LA-2056,Karnataka,Port Development,185.0,364,74.4,443,0,25.8,53.7,8.2,20.6,0
LA-2057,Punjab,Port Development,25.8,1204,42.9,463,1,34.1,74.6,2.2,22.9,0
LA-2058,Rajasthan,Highway,104.9,1626,55.6,60,1,74.5,82.4,3.8,33.5,0
LA-2059,Madhya Pradesh,Industrial Corridor,108.7,1534,47.6,113,1,39.5,71.5,6.9,61.9,0
LA-2060,Punjab,Industrial Corridor,73.5,1897,81.1,50,2,53.9,96.2,1.3,42.9,1
LA-2061,Kerala,Irrigation Canal,109.3,112,14.1,666,1,57.9,87.0,1.5,11.1,0
LA-2062,Bihar,Urban Metro,40.4,817,68.8,209,2,13.8,91.1,7.9,38.1,0
LA-2063,Kerala,Power Transmission Line,21.5,1014,84.7,633,0,43.7,83.3,5.7,16.8,0
LA-2064,Punjab,Power Transmission Line,28.4,1393,42.2,343,0,7.8,68.7,6.0,20.6,0
LA-2065,Rajasthan,Power Transmission Line,46.1,1247,49.3,716,0,46.3,76.0,3.2,67.5,1
LA-2066,Assam,Port Development,76.1,1122,45.0,112,1,50.4,78.0,5.8,48.4,1
LA-2067,Telangana,Urban Metro,22.9,617,70.7,299,3,35.5,57.0,5.9,75.1,1
LA-2068,Tamil Nadu,Power Transmission Line,33.7,217,66.5,192,0,9.9,89.4,4.7,32.6,0
LA-2069,Uttar Pradesh,Dam/Reservoir,24.5,866,64.1,398,3,33.3,86.5,9.7,7.8,0
LA-2070,Telangana,Port Development,85.7,523,69.6,510,0,55.0,81.9,1.4,14.5,0
LA-2071,West Bengal,Dam/Reservoir,146.9,1110,22.9,159,2,25.4,84.5,4.7,70.7,1
LA-2072,Punjab,Urban Metro,18.4,1595,21.8,603,1,3.1,65.8,8.7,57.6,1
LA-2073,Gujarat,Power Transmission Line,65.5,1107,76.1,868,1,51.4,42.4,2.9,51.5,0
LA-2074,Karnataka,Port Development,93.1,1168,63.1,48,0,62.1,93.5,9.4,66.6,0
LA-2075,Bihar,Irrigation Canal,37.7,88,3.8,86,0,19.1,66.1,4.8,48.8,1
LA-2076,Kerala,Irrigation Canal,12.3,1291,55.3,857,0,70.0,32.5,2.4,36.4,0
LA-2077,Bihar,Power Transmission Line,101.4,881,28.4,587,0,33.2,80.4,1.8,37.5,0
LA-2078,Rajasthan,Dam/Reservoir,11.6,251,15.0,828,0,74.4,92.1,3.9,11.2,0
LA-2079,Haryana,Industrial Corridor,121.8,431,37.2,637,0,63.5,91.9,9.3,60.9,0
LA-2080,Assam,Power Transmission Line,24.1,1562,86.6,648,1,62.6,60.2,9.5,23.1,0
LA-2081,Jharkhand,Power Transmission Line,9.9,1833,17.5,150,1,37.8,86.0,6.1,2.7,0
LA-2082,Jharkhand,Irrigation Canal,30.2,1017,39.7,465,0,45.3,59.9,2.1,33.2,1
LA-2083,Gujarat,Urban Metro,43.4,1953,35.9,335,4,60.0,70.2,5.1,42.3,1
LA-2084,West Bengal,Irrigation Canal,50.5,364,57.4,751,1,38.8,67.2,4.8,41.7,0
LA-2085,Haryana,Industrial Corridor,69.5,602,9.8,48,3,26.0,83.9,3.1,82.1,1
LA-2086,Punjab,Irrigation Canal,53.9,1860,39.3,26,0,62.8,88.9,1.7,53.6,0
LA-2087,Jharkhand,Irrigation Canal,139.1,354,69.3,505,0,63.3,57.3,4.4,61.7,0
LA-2088,Telangana,Dam/Reservoir,41.8,1320,36.7,873,0,9.3,82.5,4.3,75.2,1
LA-2089,Bihar,Irrigation Canal,56.1,442,74.1,895,2,49.0,29.2,7.3,27.9,1
LA-2090,Gujarat,Highway,52.7,665,51.8,538,1,64.6,35.8,4.5,65.0,1
LA-2091,Karnataka,Power Transmission Line,8.6,958,42.5,392,1,49.4,70.7,1.1,22.8,0
LA-2092,Haryana,Industrial Corridor,15.3,723,26.1,252,0,39.8,75.4,1.2,21.0,0
LA-2093,Rajasthan,Highway,46.2,1749,74.7,891,1,52.4,99.6,7.2,47.0,1
LA-2094,Tamil Nadu,Irrigation Canal,61.1,1945,60.5,173,1,24.4,80.1,6.9,38.1,1
LA-2095,Maharashtra,Railway,5.2,1002,66.3,122,1,87.6,84.4,2.4,73.7,0
LA-2096,Haryana,Industrial Corridor,143.3,1052,30.2,462,0,75.6,56.3,8.8,26.7,0
LA-2097,Punjab,Urban Metro,64.7,115,15.5,359,1,8.2,67.7,7.0,25.4,0
LA-2098,Uttar Pradesh,Dam/Reservoir,44.3,472,34.3,451,1,71.3,78.6,2.4,31.3,1
LA-2099,Rajasthan,Power Transmission Line,62.5,84,42.1,812,1,10.6,59.3,3.6,7.4,0
LA-2100,Karnataka,Port Development,28.8,1714,44.1,250,1,46.9,60.8,9.8,8.7,0
LA-2101,Karnataka,Railway,50.9,458,63.1,790,2,20.1,53.5,4.7,38.3,1
LA-2102,Assam,Port Development,57.0,684,38.8,198,0,82.1,87.0,3.1,77.8,0
LA-2103,Bihar,Industrial Corridor,102.2,1686,92.3,297,2,61.5,49.0,5.7,14.0,0
LA-2104,Madhya Pradesh,Port Development,39.0,1428,89.5,13,0,12.9,88.0,2.8,42.6,0
LA-2105,Bihar,Port Development,11.9,1244,40.3,613,0,46.2,69.5,8.1,73.2,0
LA-2106,West Bengal,Industrial Corridor,21.0,81,30.0,774,3,21.4,58.4,8.1,21.1,1
LA-2107,Assam,Irrigation Canal,36.5,1128,7.3,798,0,35.5,64.2,8.2,23.7,0
LA-2108,Jharkhand,Industrial Corridor,13.3,1123,60.4,159,0,74.2,80.1,6.6,60.6,0
LA-2109,Uttar Pradesh,Port Development,19.0,641,39.2,692,0,20.7,41.3,7.2,43.3,0
LA-2110,Telangana,Dam/Reservoir,21.2,1491,72.2,135,0,61.7,76.7,3.9,20.2,0
LA-2111,West Bengal,Dam/Reservoir,34.6,1859,58.9,569,0,35.6,73.1,8.9,37.3,0
LA-2112,West Bengal,Railway,64.1,521,29.7,635,0,31.8,27.6,2.3,50.3,0
LA-2113,Madhya Pradesh,Industrial Corridor,33.3,665,31.8,145,0,21.1,83.1,3.3,70.1,0
LA-2114,West Bengal,Highway,67.2,648,47.2,108,1,48.0,61.9,9.9,30.6,0
LA-2115,Karnataka,Urban Metro,44.3,1670,21.7,74,0,7.0,8.8,9.6,18.4,0
LA-2116,Jharkhand,Dam/Reservoir,19.6,160,6.6,640,2,43.2,65.1,5.6,47.9,1
LA-2117,Odisha,Highway,57.7,1792,79.4,557,1,12.4,70.8,5.5,75.8,1
LA-2118,Kerala,Urban Metro,51.4,1551,81.6,116,1,59.7,62.9,2.1,55.9,0
LA-2119,Karnataka,Dam/Reservoir,68.4,969,25.3,455,0,24.0,27.7,6.9,50.1,1
LA-2120,Uttar Pradesh,Port Development,78.5,1169,64.7,718,1,24.8,60.0,1.3,8.1,1
LA-2121,Maharashtra,Power Transmission Line,104.4,1789,79.0,221,0,22.4,70.9,3.8,26.0,0
LA-2122,Madhya Pradesh,Highway,65.6,1540,33.9,549,0,40.7,91.6,4.8,21.5,0
LA-2123,West Bengal,Dam/Reservoir,50.2,557,34.8,270,0,56.8,85.7,9.0,41.2,0
LA-2124,Haryana,Dam/Reservoir,68.6,105,67.7,242,0,78.5,96.3,9.7,68.4,0
LA-2125,Haryana,Industrial Corridor,30.7,1318,0.4,358,1,25.8,62.1,9.8,52.8,0
LA-2126,Haryana,Dam/Reservoir,28.9,295,88.7,323,0,13.8,65.4,8.2,61.1,0
LA-2127,Telangana,Highway,114.0,180,5.7,451,0,36.5,53.0,3.6,64.3,0
LA-2128,Gujarat,Industrial Corridor,28.2,1964,54.9,192,0,44.1,58.0,1.4,75.4,1
LA-2129,Telangana,Highway,21.7,950,91.4,357,1,55.4,78.1,4.8,17.4,0
LA-2130,Rajasthan,Dam/Reservoir,65.6,1303,59.4,563,0,16.4,87.7,3.7,27.7,0
LA-2131,Telangana,Urban Metro,30.9,438,49.3,354,0,17.5,76.9,6.9,42.5,0
LA-2132,Punjab,Dam/Reservoir,78.0,207,47.4,594,0,85.0,64.8,4.3,31.1,0
LA-2133,Punjab,Industrial Corridor,99.2,130,15.5,113,0,60.1,75.8,9.0,46.7,0
LA-2134,Odisha,Highway,24.4,711,76.5,132,0,51.9,81.6,4.4,43.0,0
LA-2135,Uttar Pradesh,Highway,71.2,12,53.9,780,1,34.9,66.4,4.4,38.6,0
LA-2136,Kerala,Irrigation Canal,27.6,843,90.7,421,1,28.0,47.9,7.8,22.6,0
LA-2137,Tamil Nadu,Urban Metro,37.2,652,17.3,552,0,45.1,20.5,6.3,11.3,0
LA-2138,Kerala,Railway,55.8,1056,58.2,668,1,49.3,59.7,3.3,23.2,1
LA-2139,Gujarat,Port Development,28.9,1181,56.9,140,1,4.7,92.7,7.1,20.5,0
LA-2140,Assam,Railway,52.2,620,54.2,875,0,31.9,62.2,6.1,26.9,1
LA-2141,Tamil Nadu,Power Transmission Line,39.6,913,28.7,387,0,54.8,65.8,1.9,31.8,0
LA-2142,Assam,Railway,79.2,160,76.8,801,3,64.0,60.8,5.2,35.6,0
LA-2143,Haryana,Power Transmission Line,79.3,607,32.8,380,1,58.3,73.5,9.3,17.7,0
LA-2144,Tamil Nadu,Power Transmission Line,29.0,1956,35.6,370,0,64.3,80.9,2.9,32.7,0
LA-2145,Karnataka,Highway,56.8,1982,66.3,544,2,60.2,40.3,4.7,44.3,1
LA-2146,Gujarat,Industrial Corridor,87.7,974,56.0,179,0,11.2,67.4,3.5,31.7,0
LA-2147,Punjab,Port Development,18.7,1879,66.6,551,0,57.9,67.5,5.8,38.4,0
LA-2148,Kerala,Dam/Reservoir,39.4,1005,54.3,885,0,18.4,74.5,9.8,59.3,0
LA-2149,Haryana,Irrigation Canal,55.0,255,8.5,584,0,52.6,73.4,3.8,64.3,1
LA-2150,Tamil Nadu,Dam/Reservoir,18.0,1736,31.7,72,1,19.4,85.5,8.5,43.7,0
LA-2151,Gujarat,Dam/Reservoir,31.9,833,21.6,631,1,53.3,88.6,8.5,50.9,0
LA-2152,Rajasthan,Dam/Reservoir,129.6,1226,81.2,39,0,40.2,99.0,3.3,22.8,0
LA-2153,Assam,Irrigation Canal,28.1,1299,3.7,101,0,72.8,67.8,8.0,52.4,0
LA-2154,Madhya Pradesh,Port Development,30.7,619,58.7,263,0,40.8,85.2,9.9,24.4,0
LA-2155,Odisha,Industrial Corridor,65.1,1468,7.6,281,0,61.2,58.8,9.6,46.0,0
LA-2156,Maharashtra,Highway,16.0,1005,29.8,13,2,87.2,67.7,6.5,89.6,0
LA-2157,Haryana,Irrigation Canal,40.1,735,23.7,25,1,56.2,53.3,2.4,60.1,1
LA-2158,Rajasthan,Urban Metro,21.9,599,60.5,712,0,29.0,92.9,2.1,72.1,1
LA-2159,Tamil Nadu,Railway,52.2,1493,48.0,414,3,19.8,96.3,3.4,82.5,1
LA-2160,Odisha,Power Transmission Line,1.4,502,84.1,187,1,28.7,82.6,6.4,42.2,0
LA-2161,Karnataka,Port Development,47.0,252,30.3,392,2,80.3,77.5,4.5,57.0,1
LA-2162,Haryana,Railway,56.1,1764,46.7,626,1,19.7,22.5,7.3,21.1,0
LA-2163,Gujarat,Power Transmission Line,32.6,666,22.4,663,0,29.5,89.6,8.1,53.2,0
LA-2164,Gujarat,Railway,34.2,1283,88.3,266,1,65.4,54.0,2.6,33.8,0
LA-2165,Maharashtra,Industrial Corridor,29.4,1434,71.0,158,1,26.3,98.7,9.1,10.9,0
LA-2166,Uttar Pradesh,Railway,39.7,1677,82.0,863,0,38.5,60.0,1.5,61.9,1
LA-2167,Rajasthan,Dam/Reservoir,115.0,1253,40.5,572,2,29.8,78.3,3.4,75.1,1
LA-2168,Jharkhand,Highway,80.9,1417,53.1,884,0,82.5,88.4,8.3,32.6,0
LA-2169,Assam,Dam/Reservoir,39.6,1675,84.1,282,0,79.3,89.6,2.7,28.9,0
LA-2170,Telangana,Port Development,31.9,1887,93.2,109,1,53.8,95.8,3.0,55.2,0
LA-2171,Telangana,Port Development,75.8,98,71.6,349,0,23.9,64.3,9.8,73.7,0
LA-2172,Rajasthan,Port Development,49.7,1487,98.7,301,2,73.6,78.7,9.2,10.5,0
LA-2173,Bihar,Railway,17.6,352,75.6,650,2,8.3,66.6,8.3,26.4,0
LA-2174,Uttar Pradesh,Dam/Reservoir,36.2,1783,38.6,647,1,17.2,39.8,2.6,57.2,1
LA-2175,Tamil Nadu,Industrial Corridor,107.0,101,39.0,73,1,45.8,92.4,3.3,20.8,0
LA-2176,Tamil Nadu,Dam/Reservoir,63.3,497,24.6,533,0,22.3,99.2,3.1,36.4,0
LA-2177,West Bengal,Dam/Reservoir,32.2,388,49.6,315,1,70.1,60.2,2.7,13.6,0
LA-2178,Madhya Pradesh,Industrial Corridor,11.1,1208,47.8,557,0,8.7,92.7,9.7,54.6,0
LA-2179,Uttar Pradesh,Irrigation Canal,52.0,13,41.6,358,2,17.6,95.3,2.5,33.6,0
LA-2180,Odisha,Highway,44.5,38,52.5,488,1,54.9,78.3,7.7,40.0,0
LA-2181,Assam,Highway,38.7,1010,55.0,647,0,31.2,54.3,1.5,31.5,0
LA-2182,Kerala,Power Transmission Line,76.3,1943,52.2,271,0,12.1,96.3,5.9,26.7,0
LA-2183,Karnataka,Port Development,63.8,1058,30.7,187,0,42.5,22.3,1.6,59.9,1
LA-2184,Rajasthan,Industrial Corridor,11.5,894,74.0,638,1,22.4,75.5,1.6,53.9,0
LA-2185,Madhya Pradesh,Power Transmission Line,44.7,1317,11.7,853,0,72.2,92.0,3.1,14.2,1
LA-2186,Bihar,Railway,14.5,1105,93.6,405,0,62.1,52.5,9.3,63.4,0
LA-2187,Odisha,Industrial Corridor,29.8,772,57.7,898,1,31.9,80.8,6.7,7.0,1
LA-2188,Odisha,Urban Metro,13.5,1179,29.9,174,0,42.9,99.6,6.9,55.3,0
LA-2189,Uttar Pradesh,Dam/Reservoir,13.9,11,29.3,738,1,35.7,86.3,3.7,29.3,0
LA-2190,Rajasthan,Urban Metro,56.6,492,30.0,889,0,57.5,26.1,7.5,14.7,0
LA-2191,Madhya Pradesh,Industrial Corridor,52.7,1349,59.3,276,0,56.2,86.5,7.1,28.1,0
LA-2192,Bihar,Dam/Reservoir,42.2,686,46.0,141,2,42.3,77.7,5.2,30.2,1
LA-2193,Kerala,Power Transmission Line,27.8,113,57.6,600,2,32.7,85.4,7.1,36.5,0
LA-2194,Gujarat,Dam/Reservoir,12.5,253,15.3,783,2,67.3,99.1,8.8,50.3,1
LA-2195,Telangana,Irrigation Canal,29.9,1733,65.9,84,0,64.5,88.9,9.6,24.0,0
LA-2196,Kerala,Railway,52.9,662,79.8,580,2,57.1,97.1,10.0,33.2,0
LA-2197,Jharkhand,Power Transmission Line,52.0,50,73.3,785,3,5.6,64.0,5.4,44.1,1
LA-2198,Punjab,Railway,105.5,1458,80.5,38,0,43.6,77.7,1.3,13.5,0
LA-2199,Odisha,Highway,95.6,1063,27.7,469,2,28.3,90.6,3.1,69.3,1
LA-2200,Assam,Dam/Reservoir,43.5,905,22.9,78,0,42.2,61.9,2.8,52.0,0
LA-2201,Karnataka,Port Development,29.7,1790,79.8,167,1,20.1,89.9,3.7,51.0,0
LA-2202,Jharkhand,Railway,22.4,630,79.0,442,0,66.5,64.4,4.2,7.9,0
LA-2203,Punjab,Port Development,10.7,1147,5.7,301,0,12.3,73.2,7.0,7.0,0
LA-2204,Telangana,Highway,16.0,1491,56.9,85,0,27.9,84.8,5.7,78.4,1
LA-2205,Assam,Irrigation Canal,52.9,1218,87.2,722,0,20.7,98.8,6.8,19.4,0
LA-2206,Gujarat,Urban Metro,66.9,419,68.2,190,2,20.1,65.1,9.7,45.0,0
LA-2207,Kerala,Irrigation Canal,34.6,1364,57.8,784,0,76.7,92.3,1.4,30.5,0
LA-2208,Madhya Pradesh,Urban Metro,181.0,1488,58.7,167,0,50.3,61.1,1.1,66.0,0
LA-2209,Jharkhand,Port Development,16.2,249,61.1,472,0,73.7,59.5,7.0,69.4,0
LA-2210,Odisha,Highway,9.6,335,56.7,657,2,19.3,53.7,5.9,45.7,0
LA-2211,Punjab,Highway,178.9,1351,15.2,437,1,47.2,83.9,5.3,70.1,1
LA-2212,Karnataka,Dam/Reservoir,11.9,242,41.1,381,0,62.8,89.1,8.7,65.8,0
LA-2213,Haryana,Industrial Corridor,34.3,1761,44.8,678,1,13.8,97.8,2.4,11.2,1
LA-2214,Maharashtra,Industrial Corridor,24.0,223,64.7,20,1,20.4,32.0,6.2,44.0,0
LA-2215,Maharashtra,Power Transmission Line,55.8,1948,86.3,745,1,37.7,53.1,9.4,26.3,0
LA-2216,Gujarat,Power Transmission Line,32.3,1344,39.5,624,0,62.3,63.2,5.0,16.6,0
LA-2217,Kerala,Urban Metro,67.1,888,72.8,690,0,2.6,74.8,6.2,52.8,0
LA-2218,Punjab,Industrial Corridor,77.4,540,59.2,384,2,5.7,69.8,1.6,40.5,1
LA-2219,Karnataka,Railway,10.6,692,40.2,352,0,76.8,82.7,4.1,56.8,0
LA-2220,Telangana,Urban Metro,21.7,1498,53.4,519,0,8.2,79.6,1.4,8.0,1
LA-2221,Gujarat,Urban Metro,71.1,1507,77.2,581,0,18.5,79.1,6.2,42.8,0
LA-2222,Jharkhand,Highway,88.2,421,54.0,833,1,48.7,57.1,6.3,77.1,1
LA-2223,Telangana,Power Transmission Line,48.8,1088,62.2,773,0,29.2,26.3,9.6,35.8,0
LA-2224,Rajasthan,Port Development,58.7,1985,77.5,57,1,19.0,57.8,6.7,41.4,0
LA-2225,Jharkhand,Industrial Corridor,110.0,518,28.2,145,0,16.7,84.7,1.0,10.0,0
LA-2226,Maharashtra,Railway,32.6,1388,52.7,852,0,47.0,86.7,8.5,43.2,1
LA-2227,Jharkhand,Highway,48.4,348,65.1,355,0,82.4,69.9,4.0,9.6,0
LA-2228,Bihar,Industrial Corridor,95.7,1668,12.3,526,1,1.3,52.8,7.4,63.3,1
LA-2229,Madhya Pradesh,Power Transmission Line,99.7,344,20.9,60,1,33.0,84.5,3.4,36.7,1
LA-2230,Haryana,Dam/Reservoir,39.9,598,65.7,103,2,90.8,25.6,7.8,22.2,0
LA-2231,Kerala,Industrial Corridor,22.3,921,24.9,373,0,65.0,88.9,9.3,82.0,0
LA-2232,Jharkhand,Dam/Reservoir,39.6,744,77.8,648,0,39.4,69.3,1.7,58.1,1
LA-2233,Kerala,Railway,42.5,344,70.6,697,1,31.4,96.2,5.9,55.9,0
LA-2234,Telangana,Power Transmission Line,21.6,1283,18.2,806,1,45.2,74.9,5.9,44.4,1
LA-2235,Tamil Nadu,Railway,24.5,44,9.7,185,0,10.6,33.6,3.6,20.5,0
LA-2236,Uttar Pradesh,Industrial Corridor,99.8,1967,76.7,189,1,57.4,73.2,4.1,74.4,1
LA-2237,Maharashtra,Railway,60.7,108,12.9,492,2,79.3,51.3,7.1,21.5,0
LA-2238,Madhya Pradesh,Power Transmission Line,34.4,671,82.2,496,0,81.5,99.2,3.6,25.8,0
LA-2239,Uttar Pradesh,Irrigation Canal,17.1,1860,52.9,42,4,24.3,59.8,1.3,38.7,1
LA-2240,Gujarat,Railway,24.7,314,41.1,407,1,73.7,33.0,7.9,33.9,0
LA-2241,Punjab,Highway,8.8,150,20.1,808,0,73.8,93.9,6.6,33.4,0
LA-2242,Jharkhand,Industrial Corridor,49.7,1489,34.6,155,1,63.2,94.2,3.3,59.9,1
LA-2243,Karnataka,Dam/Reservoir,23.6,150,17.9,739,0,33.0,74.3,9.7,27.8,0
LA-2244,Assam,Railway,52.6,1799,66.6,408,0,45.6,67.1,9.1,7.0,0
LA-2245,Jharkhand,Power Transmission Line,70.6,905,94.0,476,1,18.5,83.4,9.7,68.4,0
LA-2246,Haryana,Railway,53.2,1739,36.8,581,0,44.9,81.2,5.6,46.7,0
LA-2247,Karnataka,Port Development,31.2,493,27.2,638,0,16.2,62.1,3.1,50.9,0
LA-2248,Tamil Nadu,Power Transmission Line,20.7,286,27.5,577,1,47.6,76.8,2.6,83.5,1
LA-2249,Jharkhand,Dam/Reservoir,14.9,1925,25.8,102,0,38.2,89.7,9.5,28.7,0
LA-2250,West Bengal,Railway,93.4,1525,23.8,272,0,28.3,28.3,9.0,43.8,0
LA-2251,Rajasthan,Highway,51.5,1822,46.8,762,1,43.3,44.4,7.7,14.8,0
LA-2252,Maharashtra,Industrial Corridor,32.6,643,24.5,45,1,37.7,58.1,5.6,71.2,0
LA-2253,Punjab,Urban Metro,64.3,812,82.4,646,0,52.3,82.2,4.5,46.9,0
LA-2254,Telangana,Dam/Reservoir,83.6,1156,52.2,473,1,34.4,98.6,7.3,19.7,0
LA-2255,Maharashtra,Port Development,24.0,900,20.4,116,0,7.9,38.1,1.1,37.0,1
LA-2256,West Bengal,Dam/Reservoir,50.4,489,75.2,119,0,45.6,88.6,5.7,56.2,0
LA-2257,Gujarat,Urban Metro,51.1,753,43.0,882,1,20.6,32.2,7.1,45.5,1
LA-2258,Gujarat,Irrigation Canal,106.9,1219,61.0,37,1,57.4,59.7,7.8,24.7,0
LA-2259,Punjab,Power Transmission Line,32.2,80,23.6,30,0,35.5,80.3,5.1,67.8,0
LA-2260,Madhya Pradesh,Railway,20.0,675,26.9,24,1,70.6,91.2,7.7,48.1,0
LA-2261,Assam,Power Transmission Line,54.5,589,71.5,569,0,46.0,44.3,1.9,34.6,0
LA-2262,Karnataka,Irrigation Canal,68.0,145,52.0,834,1,64.9,78.3,3.1,42.2,0
LA-2263,Haryana,Highway,47.4,249,14.9,162,0,37.6,20.3,2.3,65.8,1
LA-2264,West Bengal,Railway,111.8,993,62.4,718,0,19.1,51.9,4.1,41.9,0
LA-2265,Uttar Pradesh,Industrial Corridor,32.1,209,46.1,650,0,46.1,85.5,4.1,57.7,0
LA-2266,Uttar Pradesh,Irrigation Canal,48.3,693,82.1,214,1,17.4,98.7,4.4,23.4,0
LA-2267,Tamil Nadu,Dam/Reservoir,11.4,1123,68.7,72,1,33.8,94.1,5.2,15.5,0
LA-2268,Jharkhand,Power Transmission Line,19.1,1748,67.1,444,1,6.6,95.7,4.9,64.5,1
LA-2269,Uttar Pradesh,Dam/Reservoir,24.2,202,34.1,82,1,65.5,74.4,5.4,68.2,0
LA-2270,Tamil Nadu,Urban Metro,36.4,872,76.4,111,1,88.3,58.0,7.8,54.4,0
LA-2271,Maharashtra,Highway,13.3,210,11.9,424,1,38.0,96.8,2.3,8.2,0
LA-2272,Assam,Railway,63.6,860,74.6,735,0,41.3,74.6,4.2,22.9,0
LA-2273,Telangana,Urban Metro,22.4,963,22.4,894,1,42.9,64.4,1.0,66.2,1
LA-2274,Punjab,Industrial Corridor,160.6,1599,59.6,568,0,47.0,30.2,1.3,24.0,1
LA-2275,Kerala,Irrigation Canal,23.1,887,26.9,256,1,83.9,70.6,6.5,53.8,0
LA-2276,Telangana,Industrial Corridor,44.7,1871,83.3,302,0,51.4,72.4,8.9,71.6,0
LA-2277,Punjab,Dam/Reservoir,40.7,279,75.7,555,1,68.7,68.6,3.8,4.8,0
LA-2278,Uttar Pradesh,Power Transmission Line,17.7,111,89.9,164,0,70.3,90.8,4.6,24.3,0
LA-2279,Haryana,Highway,36.6,13,83.2,471,0,65.4,35.5,2.9,26.7,0
LA-2280,Kerala,Irrigation Canal,36.2,716,14.5,694,0,59.7,10.0,2.3,33.9,1
LA-2281,Kerala,Dam/Reservoir,77.5,389,55.8,759,0,15.5,97.5,9.0,26.2,0
LA-2282,Rajasthan,Port Development,55.9,187,51.3,62,1,40.8,90.5,6.1,32.2,0
LA-2283,Punjab,Port Development,63.0,475,83.4,266,0,41.1,82.3,7.3,61.2,0
LA-2284,Rajasthan,Dam/Reservoir,76.3,1950,52.9,236,1,16.9,55.8,8.9,62.4,0
LA-2285,Uttar Pradesh,Highway,63.7,1601,54.2,503,0,54.6,67.8,6.3,54.9,0
LA-2286,Assam,Irrigation Canal,50.1,42,27.6,174,0,43.1,94.2,2.6,44.7,0
LA-2287,West Bengal,Highway,24.0,1831,83.9,856,0,25.6,93.2,7.4,55.4,0
LA-2288,Maharashtra,Highway,47.8,414,3.9,826,0,36.6,66.4,7.7,84.8,1
LA-2289,Odisha,Port Development,20.3,814,50.1,306,0,7.2,73.0,4.7,69.5,0
LA-2290,West Bengal,Dam/Reservoir,38.7,658,24.8,372,3,65.4,74.3,6.6,68.3,0
LA-2291,Haryana,Railway,35.0,813,50.4,401,1,64.6,45.7,5.4,84.4,1
LA-2292,Karnataka,Urban Metro,36.7,1522,23.1,47,0,31.5,91.6,4.0,69.2,0
LA-2293,Uttar Pradesh,Industrial Corridor,13.5,1426,21.4,801,2,24.4,69.0,7.1,57.2,1
LA-2294,Jharkhand,Highway,1.4,1190,37.2,703,1,57.6,78.0,3.2,19.6,1
LA-2295,Gujarat,Dam/Reservoir,30.2,1255,62.8,305,0,6.2,87.1,3.9,14.6,0
LA-2296,Madhya Pradesh,Port Development,88.6,1456,59.8,497,0,40.2,50.4,4.7,33.2,0
LA-2297,Telangana,Industrial Corridor,44.2,372,48.3,348,0,13.7,85.7,6.5,61.2,0
LA-2298,Gujarat,Urban Metro,84.3,794,40.7,213,2,11.3,99.2,8.7,58.0,1
LA-2299,Uttar Pradesh,Power Transmission Line,20.4,219,74.0,280,4,43.3,39.5,6.5,34.0,1
LA-2300,Punjab,Port Development,29.0,1409,42.6,105,1,69.9,73.2,7.5,18.0,0
LA-2301,Rajasthan,Power Transmission Line,166.8,878,76.2,730,1,37.4,90.2,3.6,22.4,0
LA-2302,Kerala,Dam/Reservoir,21.5,1276,34.1,592,0,25.9,62.7,6.3,62.8,0
LA-2303,Assam,Highway,62.1,1131,68.4,838,0,13.9,20.2,1.9,24.5,1
LA-2304,Odisha,Railway,62.1,550,30.4,15,0,68.5,76.3,5.2,42.1,0
LA-2305,Telangana,Dam/Reservoir,57.4,281,79.8,571,2,8.3,97.9,7.2,21.1,0
LA-2306,Madhya Pradesh,Irrigation Canal,62.7,1946,66.5,508,1,73.7,72.4,2.6,39.0,0
LA-2307,West Bengal,Irrigation Canal,21.3,590,71.9,565,1,26.0,79.3,9.1,25.3,0
LA-2308,Rajasthan,Port Development,31.3,223,26.5,890,0,52.1,45.1,4.8,58.2,0
LA-2309,Haryana,Railway,2.2,615,33.0,357,1,36.8,80.8,7.0,44.0,0
LA-2310,Gujarat,Industrial Corridor,109.3,1805,30.6,135,0,61.5,48.9,5.2,22.4,0
LA-2311,Tamil Nadu,Irrigation Canal,62.4,526,16.6,21,0,51.7,46.1,7.6,59.4,0
LA-2312,Punjab,Railway,24.2,1973,23.0,447,0,45.2,46.5,6.3,10.6,0
LA-2313,Haryana,Dam/Reservoir,20.6,924,48.5,164,1,45.4,95.5,2.1,68.2,0
LA-2314,Assam,Railway,89.6,1724,37.0,135,0,12.2,36.9,9.3,47.0,0
LA-2315,Madhya Pradesh,Highway,22.8,1307,41.5,141,2,74.4,39.0,6.9,42.2,1
LA-2316,Kerala,Urban Metro,24.1,92,33.7,256,1,45.4,66.4,5.2,48.8,0
LA-2317,Odisha,Port Development,17.0,1021,38.8,113,0,81.0,86.1,7.1,21.7,0
LA-2318,Karnataka,Railway,70.7,836,56.7,442,1,12.6,82.6,3.3,34.9,0
LA-2319,Rajasthan,Urban Metro,83.5,406,29.3,592,0,14.8,86.5,7.9,24.5,0
LA-2320,Maharashtra,Industrial Corridor,35.1,1102,47.7,267,3,9.1,54.6,4.7,16.5,1
LA-2321,Madhya Pradesh,Port Development,83.9,210,18.8,131,0,62.9,64.5,8.2,12.6,0
LA-2322,Gujarat,Railway,54.0,1398,28.9,519,1,81.8,66.7,3.5,18.6,0
LA-2323,Assam,Dam/Reservoir,16.1,1644,65.0,86,1,57.5,90.9,8.1,31.4,0
LA-2324,Haryana,Industrial Corridor,104.1,189,38.3,666,0,55.5,68.8,9.2,49.0,0
LA-2325,West Bengal,Port Development,16.8,961,14.2,350,0,20.1,45.7,9.8,37.8,0
LA-2326,Telangana,Irrigation Canal,37.1,1311,75.8,374,1,52.1,73.5,8.0,64.4,0
LA-2327,Maharashtra,Dam/Reservoir,35.2,128,72.7,231,1,31.7,33.7,7.3,54.5,0
LA-2328,Telangana,Urban Metro,30.5,781,70.8,261,1,48.4,80.8,5.7,55.5,0
LA-2329,Tamil Nadu,Railway,6.0,519,83.4,139,0,24.1,89.0,2.0,17.8,0
LA-2330,Karnataka,Dam/Reservoir,144.9,83,82.7,506,1,18.4,45.2,6.0,67.9,1
LA-2331,Kerala,Port Development,7.0,1609,80.8,140,0,30.1,29.9,6.1,52.4,0
LA-2332,Rajasthan,Irrigation Canal,108.4,892,47.5,615,1,42.0,82.0,1.6,15.5,1
LA-2333,Punjab,Industrial Corridor,20.0,1504,64.1,238,0,85.2,85.8,7.2,34.8,0
LA-2334,Gujarat,Power Transmission Line,26.1,1176,32.1,513,0,4.8,51.6,2.3,62.0,1
LA-2335,Jharkhand,Industrial Corridor,101.5,1752,62.6,487,0,29.2,20.1,6.4,9.2,0
LA-2336,Telangana,Dam/Reservoir,58.2,1994,62.8,573,0,71.5,85.6,5.3,52.0,0
LA-2337,Madhya Pradesh,Dam/Reservoir,11.8,1206,10.2,684,1,22.1,38.0,8.9,41.3,0
LA-2338,Punjab,Railway,11.6,707,22.6,508,2,66.6,58.8,3.1,52.3,1
LA-2339,Rajasthan,Dam/Reservoir,52.3,848,11.0,768,0,76.8,67.4,2.5,49.7,0
LA-2340,Gujarat,Power Transmission Line,16.6,1651,22.3,240,1,32.0,67.4,6.0,10.8,1
LA-2341,Bihar,Urban Metro,60.1,856,63.0,678,1,71.8,34.8,5.1,70.4,1
LA-2342,Maharashtra,Port Development,64.5,1041,71.5,315,1,42.1,87.8,2.5,45.4,0
LA-2343,Odisha,Power Transmission Line,21.9,392,60.0,569,1,41.1,73.8,6.5,53.7,0
LA-2344,Bihar,Power Transmission Line,27.3,1980,27.8,447,0,35.9,54.1,9.2,11.8,1
LA-2345,Jharkhand,Power Transmission Line,53.5,1303,54.7,817,1,62.6,73.6,7.7,32.1,0
LA-2346,Haryana,Port Development,21.1,663,8.0,251,1,58.3,74.3,2.9,16.7,0
LA-2347,Kerala,Power Transmission Line,44.3,1172,54.9,472,1,60.7,41.5,3.1,73.3,1
LA-2348,Kerala,Irrigation Canal,173.3,805,54.6,156,2,60.2,75.9,6.0,65.0,0
LA-2349,Odisha,Irrigation Canal,55.3,313,76.0,573,1,56.7,84.8,7.1,23.5,0
LA-2350,Uttar Pradesh,Railway,30.9,1750,13.6,42,0,78.8,72.2,9.8,53.1,0
LA-2351,Rajasthan,Power Transmission Line,154.5,1771,64.9,376,0,27.4,57.1,1.9,12.1,0
LA-2352,Karnataka,Highway,74.2,1670,43.1,18,0,22.5,77.3,5.9,24.9,0
LA-2353,Assam,Highway,16.9,740,72.5,301,1,27.4,54.2,9.9,60.8,0
LA-2354,West Bengal,Urban Metro,19.9,516,42.2,440,1,52.3,69.8,2.0,6.9,0
LA-2355,Karnataka,Highway,8.0,104,72.4,305,1,37.1,86.2,9.8,35.0,0
LA-2356,Tamil Nadu,Industrial Corridor,52.8,1464,12.3,353,1,36.4,72.0,5.2,38.4,0
LA-2357,Bihar,Port Development,4.8,659,63.0,142,0,43.9,84.0,7.5,64.5,0
LA-2358,Maharashtra,Urban Metro,154.4,1784,46.4,646,0,63.8,35.3,4.8,22.3,0
LA-2359,Tamil Nadu,Power Transmission Line,33.9,1740,59.3,718,0,38.7,85.7,8.6,83.7,0
LA-2360,Maharashtra,Railway,77.4,260,96.0,414,1,37.4,70.0,9.2,40.9,0
LA-2361,Maharashtra,Dam/Reservoir,31.5,1834,56.5,59,0,35.9,81.5,2.5,15.1,0
LA-2362,Tamil Nadu,Port Development,52.1,284,56.8,65,0,7.4,93.0,7.7,2.1,0
LA-2363,West Bengal,Industrial Corridor,37.5,983,76.9,610,0,34.6,41.9,1.2,54.9,1
LA-2364,Gujarat,Highway,43.3,950,56.3,836,0,66.5,87.7,3.5,36.4,1
LA-2365,Uttar Pradesh,Highway,94.2,1912,30.0,779,1,8.6,91.6,6.0,9.4,1
LA-2366,Madhya Pradesh,Irrigation Canal,125.4,1316,29.0,370,1,28.8,70.0,6.4,51.7,1
LA-2367,Karnataka,Railway,119.1,1751,90.7,452,0,85.4,89.5,4.3,28.2,0
LA-2368,Jharkhand,Port Development,261.5,1193,42.2,155,1,42.8,70.8,3.4,53.3,0
LA-2369,Telangana,Railway,23.1,1651,35.0,72,1,62.7,42.0,2.5,19.8,1
LA-2370,Assam,Irrigation Canal,55.8,1704,78.7,691,0,10.3,87.5,3.2,40.6,1
LA-2371,Tamil Nadu,Dam/Reservoir,23.6,1720,92.0,391,1,64.3,58.1,2.2,42.5,1
LA-2372,Karnataka,Port Development,91.6,826,33.6,452,1,14.6,82.8,3.4,42.6,1
LA-2373,Rajasthan,Railway,17.7,766,66.5,315,0,75.3,93.6,8.4,46.0,0
LA-2374,Assam,Power Transmission Line,95.3,1969,79.4,288,1,39.0,86.3,3.6,41.8,1
LA-2375,Jharkhand,Industrial Corridor,48.6,1514,26.1,887,2,70.7,85.8,9.2,43.0,1
LA-2376,Jharkhand,Urban Metro,39.2,1835,44.2,736,2,21.3,72.7,3.2,24.5,1
LA-2377,Punjab,Dam/Reservoir,42.7,1156,33.8,625,0,51.4,63.5,5.4,14.1,0
LA-2378,Gujarat,Port Development,14.9,1858,24.9,356,1,60.9,93.1,2.5,12.0,0
LA-2379,Gujarat,Dam/Reservoir,16.2,1440,88.1,652,1,37.8,34.0,1.2,63.9,1
LA-2380,Jharkhand,Highway,49.3,1486,1.3,311,2,67.5,50.6,6.6,19.0,1
LA-2381,Madhya Pradesh,Railway,49.0,359,86.1,469,1,20.3,75.8,4.0,17.0,0
LA-2382,Tamil Nadu,Industrial Corridor,24.5,1135,76.9,139,3,40.2,79.9,4.1,96.2,1
LA-2383,Assam,Highway,33.6,1464,17.0,641,1,28.3,88.7,4.7,47.8,1
LA-2384,Rajasthan,Irrigation Canal,59.3,1523,50.2,63,1,31.8,69.1,8.0,72.7,0
LA-2385,West Bengal,Railway,21.0,1915,29.0,653,1,35.0,86.9,4.6,41.4,1
LA-2386,Gujarat,Dam/Reservoir,7.0,657,64.2,547,0,61.7,78.1,1.8,7.5,0
LA-2387,Tamil Nadu,Highway,111.9,608,90.7,69,1,47.5,85.2,3.5,3.7,0
LA-2388,Assam,Railway,51.8,1939,34.7,460,0,34.3,96.4,6.2,64.1,0
LA-2389,Assam,Railway,28.3,1972,67.8,208,0,60.4,22.5,9.9,14.5,0
LA-2390,Madhya Pradesh,Railway,23.5,363,50.0,433,2,78.9,40.4,2.3,29.6,1
LA-2391,Gujarat,Industrial Corridor,20.8,759,34.5,21,2,41.6,95.6,3.9,34.0,0
LA-2392,Jharkhand,Irrigation Canal,91.3,1896,34.2,652,0,15.1,51.4,5.4,58.6,0
LA-2393,Kerala,Dam/Reservoir,12.6,403,66.6,463,0,29.6,28.1,9.5,40.4,0
LA-2394,West Bengal,Irrigation Canal,55.7,1567,83.1,332,0,69.0,38.1,2.0,20.9,0
LA-2395,Odisha,Industrial Corridor,55.7,229,16.8,789,1,7.0,87.0,8.1,22.0,1
LA-2396,Odisha,Urban Metro,71.6,360,68.4,583,2,22.0,92.9,7.5,8.2,1
LA-2397,Telangana,Urban Metro,30.6,1570,21.1,552,5,61.0,50.9,3.8,75.9,1
LA-2398,Uttar Pradesh,Port Development,105.7,1216,48.1,140,1,74.5,67.9,8.0,38.9,0
LA-2399,Madhya Pradesh,Railway,73.1,1111,33.2,455,1,36.7,73.9,6.2,5.0,0
LA-2400,Haryana,Industrial Corridor,29.8,1713,95.5,633,0,62.3,85.4,2.5,50.9,0
LA-2401,West Bengal,Port Development,22.6,617,32.4,834,0,47.1,96.5,3.6,31.8,0
LA-2402,Madhya Pradesh,Port Development,37.6,1009,70.7,547,0,35.7,93.1,4.0,81.5,1
LA-2403,Tamil Nadu,Industrial Corridor,29.0,1218,89.2,163,0,70.3,86.7,3.9,57.9,0
LA-2404,Bihar,Urban Metro,19.5,1481,86.1,613,0,21.3,95.5,7.7,23.1,0
LA-2405,Bihar,Port Development,44.1,667,82.6,76,0,46.7,82.0,6.9,48.2,0
LA-2406,Tamil Nadu,Industrial Corridor,33.8,1269,73.1,288,1,76.0,84.0,8.4,22.4,0
LA-2407,Haryana,Dam/Reservoir,122.6,899,64.8,826,1,58.7,44.3,5.6,57.2,0
LA-2408,Uttar Pradesh,Railway,28.9,1086,61.3,723,1,71.1,41.0,4.2,47.6,0
LA-2409,Madhya Pradesh,Irrigation Canal,22.4,1726,65.0,813,0,39.9,90.1,1.6,18.5,0
LA-2410,Uttar Pradesh,Highway,42.0,790,31.6,323,0,80.8,31.9,8.1,69.3,0
LA-2411,Gujarat,Highway,50.6,1337,7.8,617,3,76.1,62.9,1.7,33.3,1
LA-2412,Madhya Pradesh,Power Transmission Line,53.5,1884,82.2,633,0,85.4,68.0,3.7,17.1,0
LA-2413,Punjab,Railway,53.1,1525,53.9,228,1,68.1,79.8,7.0,31.5,0
LA-2414,Odisha,Power Transmission Line,43.1,1977,74.8,848,0,22.2,58.1,7.9,6.0,0
LA-2415,Punjab,Power Transmission Line,40.7,1169,68.8,873,2,62.9,81.8,1.6,40.9,1
LA-2416,Telangana,Industrial Corridor,64.7,567,40.2,108,0,28.4,96.5,6.5,20.9,0
LA-2417,Karnataka,Dam/Reservoir,18.0,1982,59.2,691,0,25.9,97.7,2.2,36.1,0
LA-2418,Haryana,Port Development,22.6,1290,15.9,408,0,67.2,69.8,7.8,20.4,0
LA-2419,Karnataka,Power Transmission Line,9.6,486,75.5,609,0,41.8,58.8,7.6,50.4,0
LA-2420,Jharkhand,Irrigation Canal,18.2,637,67.6,503,1,28.1,55.8,7.7,16.6,0
LA-2421,Jharkhand,Port Development,85.3,528,56.1,208,0,12.2,61.5,1.6,34.2,1
LA-2422,Odisha,Highway,62.8,1668,43.4,95,0,45.4,68.9,6.0,84.4,0
LA-2423,Telangana,Industrial Corridor,133.5,189,49.6,466,1,71.8,62.3,3.2,45.6,0
LA-2424,Madhya Pradesh,Power Transmission Line,113.0,1481,23.2,755,0,6.6,85.8,5.5,25.7,0
LA-2425,Haryana,Railway,63.2,1110,81.8,742,1,18.1,73.8,9.9,16.9,0
LA-2426,Telangana,Industrial Corridor,46.8,151,98.3,254,0,37.4,51.8,1.8,30.0,1
LA-2427,Assam,Irrigation Canal,42.6,1228,56.7,775,1,54.1,92.5,6.3,63.1,1
LA-2428,Madhya Pradesh,Railway,4.4,1507,50.5,326,1,45.5,35.5,2.5,59.3,1
LA-2429,Punjab,Urban Metro,39.1,1453,68.0,509,4,25.8,86.6,5.6,85.0,1
LA-2430,Karnataka,Railway,26.1,1059,76.3,298,1,21.9,86.1,5.7,22.8,0
LA-2431,Bihar,Urban Metro,19.0,674,11.9,475,0,39.7,84.8,5.1,17.3,1
LA-2432,Bihar,Railway,56.2,331,48.9,481,0,61.3,69.8,6.8,50.3,0
LA-2433,Gujarat,Power Transmission Line,35.5,29,68.7,630,1,62.9,70.9,9.8,14.4,0
LA-2434,Tamil Nadu,Port Development,44.6,722,26.6,429,1,73.2,40.3,8.2,63.4,0
LA-2435,Maharashtra,Railway,16.5,1266,40.2,480,3,71.9,72.8,9.6,70.9,1
LA-2436,Rajasthan,Port Development,75.3,80,39.1,589,0,79.8,93.0,2.7,31.4,0
LA-2437,Telangana,Urban Metro,28.8,1997,41.2,381,2,36.2,87.1,9.9,33.4,0
LA-2438,Tamil Nadu,Dam/Reservoir,54.1,1173,28.3,476,0,41.6,68.5,3.7,39.9,0
LA-2439,Jharkhand,Railway,30.8,592,23.3,86,0,57.9,36.9,1.3,43.1,0
LA-2440,Punjab,Urban Metro,3.4,1924,51.8,784,0,38.6,86.9,4.9,52.6,1
LA-2441,Gujarat,Dam/Reservoir,57.9,371,63.4,122,1,67.9,63.5,3.2,19.5,0
LA-2442,Assam,Port Development,37.4,1915,89.1,786,0,72.3,86.1,7.9,62.2,0
LA-2443,Rajasthan,Railway,8.9,567,44.3,686,1,72.4,90.0,1.8,67.6,0
LA-2444,Bihar,Port Development,14.7,762,57.4,853,0,46.8,85.7,5.9,31.9,0
LA-2445,Uttar Pradesh,Highway,76.8,853,49.0,31,1,80.0,98.7,3.6,44.1,0
LA-2446,Jharkhand,Industrial Corridor,9.4,1989,22.5,203,3,47.9,92.9,2.9,52.1,1
LA-2447,Jharkhand,Power Transmission Line,28.2,505,64.4,56,1,11.1,83.0,8.9,74.9,0
LA-2448,Kerala,Industrial Corridor,141.2,1945,59.0,381,1,62.3,96.2,5.6,46.3,0
LA-2449,Maharashtra,Industrial Corridor,58.9,697,48.2,815,0,77.2,74.7,3.9,11.0,1
LA-2450,Madhya Pradesh,Highway,69.6,573,17.0,691,0,21.4,74.7,7.7,86.1,0
LA-2451,Uttar Pradesh,Industrial Corridor,33.2,1278,21.0,636,2,17.1,89.8,8.7,28.0,1
LA-2452,Uttar Pradesh,Dam/Reservoir,8.1,1389,35.4,765,1,41.1,73.2,5.0,20.3,0
LA-2453,West Bengal,Power Transmission Line,47.8,693,84.2,13,1,47.4,96.9,2.6,42.0,0
LA-2454,Odisha,Irrigation Canal,15.7,272,82.8,711,2,35.2,65.9,9.9,42.9,0
LA-2455,Maharashtra,Dam/Reservoir,14.3,795,48.2,287,1,37.9,80.1,4.2,17.3,0
LA-2456,Jharkhand,Highway,43.8,1083,15.0,624,0,46.1,88.7,2.8,18.9,0
LA-2457,Karnataka,Power Transmission Line,16.8,84,44.9,689,1,16.8,90.7,1.9,59.6,1
LA-2458,Madhya Pradesh,Industrial Corridor,40.1,161,46.7,620,2,25.2,83.0,2.1,62.4,0
LA-2459,Gujarat,Power Transmission Line,23.2,1836,66.2,381,1,7.6,89.7,9.5,12.8,0
LA-2460,Punjab,Dam/Reservoir,39.1,76,70.5,554,0,62.8,61.7,9.5,10.5,0
LA-2461,Tamil Nadu,Power Transmission Line,26.7,816,28.0,427,1,30.9,46.6,5.6,50.8,0
LA-2462,Uttar Pradesh,Dam/Reservoir,39.9,1528,17.6,569,0,73.2,83.5,7.2,23.4,0
LA-2463,Uttar Pradesh,Highway,106.9,659,71.9,418,1,65.9,63.5,8.5,16.3,0
LA-2464,Haryana,Urban Metro,70.7,992,61.9,360,0,62.1,92.1,6.0,48.5,0
LA-2465,Maharashtra,Industrial Corridor,36.6,177,70.2,189,0,60.9,69.5,7.0,29.4,0
LA-2466,Telangana,Railway,95.6,1589,8.9,354,1,24.4,48.5,9.7,24.6,1
LA-2467,Rajasthan,Railway,54.7,1270,37.1,652,1,57.3,67.5,2.6,33.7,1
LA-2468,Punjab,Urban Metro,91.2,1704,22.9,784,0,54.2,66.4,2.2,39.6,1
LA-2469,Uttar Pradesh,Urban Metro,10.6,1728,32.5,101,0,11.2,84.1,7.8,28.7,0
LA-2470,Assam,Industrial Corridor,16.9,704,24.7,172,0,34.6,22.2,7.3,39.1,0
LA-2471,Kerala,Highway,47.4,87,56.0,461,1,15.6,85.2,2.7,58.5,0
LA-2472,Karnataka,Industrial Corridor,35.9,695,7.8,635,0,66.9,79.5,3.7,80.9,1
LA-2473,West Bengal,Dam/Reservoir,40.0,294,67.0,161,0,37.9,92.7,7.2,48.4,0
LA-2474,Jharkhand,Highway,61.2,1068,44.3,299,0,34.0,12.2,5.4,50.6,0
LA-2475,Madhya Pradesh,Power Transmission Line,47.8,297,33.1,51,0,80.4,83.2,9.0,42.5,0
LA-2476,Karnataka,Power Transmission Line,75.5,1844,84.4,56,0,32.7,74.2,8.5,57.9,0
LA-2477,Rajasthan,Dam/Reservoir,74.0,1206,29.0,137,1,53.2,62.0,5.4,47.5,0
LA-2478,West Bengal,Irrigation Canal,17.7,509,37.7,658,1,59.6,80.9,7.0,16.9,0
LA-2479,Rajasthan,Power Transmission Line,3.6,1842,35.0,783,0,30.6,74.0,6.8,70.7,0
LA-2480,Bihar,Urban Metro,16.7,1540,98.0,453,2,65.9,75.5,1.8,20.1,0
LA-2481,Uttar Pradesh,Highway,15.7,878,33.3,166,2,55.3,91.5,4.8,30.9,1
LA-2482,Madhya Pradesh,Port Development,42.3,297,57.2,830,1,58.8,55.7,5.0,61.7,0
LA-2483,Maharashtra,Port Development,41.9,690,25.0,257,1,42.9,76.5,9.1,70.0,0
LA-2484,Rajasthan,Urban Metro,34.2,1170,27.8,147,2,12.6,98.9,9.0,40.2,1
LA-2485,Haryana,Urban Metro,56.2,1532,12.8,132,1,54.8,79.5,1.5,38.0,0
LA-2486,Bihar,Urban Metro,183.0,527,24.6,324,1,45.1,71.6,8.6,40.2,0
LA-2487,Uttar Pradesh,Port Development,33.6,1486,11.2,664,0,40.0,92.2,6.5,22.8,1
LA-2488,Maharashtra,Dam/Reservoir,48.9,569,36.4,363,1,10.2,80.4,1.1,18.8,0
LA-2489,Gujarat,Power Transmission Line,40.0,497,7.3,406,0,40.5,92.9,4.4,45.0,0
LA-2490,Madhya Pradesh,Power Transmission Line,24.8,896,49.8,312,2,34.9,78.8,9.0,12.8,0
LA-2491,Karnataka,Urban Metro,61.6,325,87.1,849,0,25.1,52.8,4.2,23.0,0
LA-2492,Uttar Pradesh,Railway,32.3,812,54.1,618,0,33.3,79.2,7.1,25.9,0
LA-2493,Tamil Nadu,Port Development,20.5,718,15.9,601,0,52.6,91.8,6.1,24.7,0
LA-2494,Rajasthan,Port Development,21.8,563,41.7,399,0,60.8,79.6,6.3,62.4,0
LA-2495,Rajasthan,Urban Metro,77.3,1552,21.5,482,0,13.8,77.7,5.3,48.6,0
LA-2496,Gujarat,Irrigation Canal,60.5,666,18.5,797,0,40.5,74.7,5.3,16.1,0
LA-2497,Punjab,Irrigation Canal,27.1,1391,61.7,594,1,58.3,78.8,9.1,32.1,0
LA-2498,Karnataka,Power Transmission Line,55.5,1441,25.3,734,2,82.5,89.1,4.7,31.9,1
LA-2499,Haryana,Urban Metro,40.3,1333,35.8,45,1,27.9,68.4,2.7,7.3,0
